Season,Week,GameSlot,Date,AwayTeam,HomeTeam,Quarter,DriveNumber,TeamWithPossession,IsScoringDrive,PlayNumberInDrive,IsScoringPlay,PlayOutcome,PlayStart,PlayTimeFormation,PlayDescription
2010,CONFERENCE CHAMPIONSHIPS,Sunday,January 23rd,NYJ,PIT,1st Quarter,1,Pittsburgh Steelers,1,1,0,Kickoff from NYJ 30,,Kickoff,— N.Folk kicks 59 yards from NYJ 30 to PIT 11. A.Brown to PIT 34 for 23 yards (J.Mauga; L.Laury).
2010,CONFERENCE CHAMPIONSHIPS,Sunday,January 23rd,NYJ,PIT,1st Quarter,1,Pittsburgh Steelers,1,2,0,1 Yard Run,1st & 10 at PIT 34,14:56 1st,— R.Mendenhall left tackle to PIT 35 for 1 yard (B.Scott).
2010,CONFERENCE CHAMPIONSHIPS,Sunday,January 23rd,NYJ,PIT,1st Quarter,1,Pittsburgh Steelers,1,3,0,7 Yard Pass,2nd & 9 at PIT 35,14:21 1st,— B.Roethlisberger pass short right to H.Ward to PIT 42 for 7 yards (D.Harris).
2010,CONFERENCE CHAMPIONSHIPS,Sunday,January 23rd,NYJ,PIT,1st Quarter,1,Pittsburgh Steelers,1,4,0,-5 Yard Penalty,3rd & 2 at PIT 42,13:33 1st Shotgun,"— PENALTY on PIT-B.Roethlisberger, Delay of Game, 5 yards, enforced at PIT 42 - No Play."
2010,CONFERENCE CHAMPIONSHIPS,Sunday,January 23rd,NYJ,PIT,1st Quarter,1,Pittsburgh Steelers,1,5,0,5 Yard Penalty,3rd & 7 at PIT 37,13:06 1st Shotgun,"— B.Roethlisberger pass incomplete short right to E.Sanders. PENALTY on NYJ-A.Cromartie, Illegal Use of Hands, 5 yards, enforced at PIT 37 - No Play."
2010,CONFERENCE CHAMPIONSHIPS,Sunday,January 23rd,NYJ,PIT,1st Quarter,1,Pittsburgh Steelers,1,6,0,Pass Incomplete,1st & 10 at PIT 42,13:02 1st,— B.Roethlisberger pass incomplete short middle to M.Spaeth. COVERAGE BY #57 SCOTT.
2010,CONFERENCE CHAMPIONSHIPS,Sunday,January 23rd,NYJ,PIT,1st Quarter,1,Pittsburgh Steelers,1,7,0,5 Yard Run,2nd & 10 at PIT 42,12:56 1st,— R.Mendenhall right tackle to PIT 47 for 5 yards (C.Pace).
2010,CONFERENCE CHAMPIONSHIPS,Sunday,January 23rd,NYJ,PIT,1st Quarter,1,Pittsburgh Steelers,1,8,0,6 Yard Pass,3rd & 5 at PIT 47,12:12 1st Shotgun,— B.Roethlisberger pass short right to M.Wallace to NYJ 47 for 6 yards (A.Cromartie).
2010,CONFERENCE CHAMPIONSHIPS,Sunday,January 23rd,NYJ,PIT,1st Quarter,1,Pittsburgh Steelers,1,9,0,8 Yard Run,1st & 10 at NYJ 47,11:42 1st,"— R.Mendenhall right end to NYJ 39 for 8 yards (M.Devito, D.Revis)."
2010,CONFERENCE CHAMPIONSHIPS,Sunday,January 23rd,NYJ,PIT,1st Quarter,1,Pittsburgh Steelers,1,10,0,2 Yard Run,2nd & 2 at NYJ 39,11:02 1st,"— R.Mendenhall right tackle to NYJ 37 for 2 yards (D.Revis, T.Pryce)."
2010,CONFERENCE CHAMPIONSHIPS,Sunday,January 23rd,NYJ,PIT,1st Quarter,1,Pittsburgh Steelers,1,11,0,8 Yard Run,1st & 10 at NYJ 37,10:16 1st,— R.Mendenhall right tackle to NYJ 29 for 8 yards (D.Revis; E.Smith).
2010,CONFERENCE CHAMPIONSHIPS,Sunday,January 23rd,NYJ,PIT,1st Quarter,1,Pittsburgh Steelers,1,12,0,6 Yard Run,2nd & 2 at NYJ 29,09:33 1st,— I.Redman right tackle to NYJ 23 for 6 yards (S.Ellis).
2010,CONFERENCE CHAMPIONSHIPS,Sunday,January 23rd,NYJ,PIT,1st Quarter,1,Pittsburgh Steelers,1,13,0,Pass Incomplete,1st & 10 at NYJ 23,08:50 1st,"— B.Roethlisberger pass deep left to H.Miller to NYJ 2 for 21 yards (E.Smith). New York Jets challenged the pass completion ruling, and the play was REVERSED. B.Roethlisberger pass incomplete deep left to H.Miller."
2010,CONFERENCE CHAMPIONSHIPS,Sunday,January 23rd,NYJ,PIT,1st Quarter,1,Pittsburgh Steelers,1,14,0,-2 Yard Run,2nd & 10 at NYJ 23,08:44 1st,— R.Mendenhall right tackle to NYJ 25 for -2 yards (B.Pool).
2010,CONFERENCE CHAMPIONSHIPS,Sunday,January 23rd,NYJ,PIT,1st Quarter,1,Pittsburgh Steelers,1,15,0,12 Yard Run,3rd & 12 at NYJ 25,07:58 1st Shotgun,— B.Roethlisberger scrambles up the middle to NYJ 13 for 12 yards (D.Revis).
2010,CONFERENCE CHAMPIONSHIPS,Sunday,January 23rd,NYJ,PIT,1st Quarter,1,Pittsburgh Steelers,1,16,0,5 Yard Run,1st & 10 at NYJ 13,07:10 1st,"— R.Mendenhall left guard to NYJ 8 for 5 yards (S.Pouha, T.Pryce)."
2010,CONFERENCE CHAMPIONSHIPS,Sunday,January 23rd,NYJ,PIT,1st Quarter,1,Pittsburgh Steelers,1,17,0,7 Yard Pass,2nd & 5 at NYJ 8,06:28 1st,— B.Roethlisberger pass short right to H.Ward to NYJ 1 for 7 yards (D.Harris). PIT-M.Pouncey was injured during the play. His return is Questionable.
2010,CONFERENCE CHAMPIONSHIPS,Sunday,January 23rd,NYJ,PIT,1st Quarter,1,Pittsburgh Steelers,1,18,1,Touchdown,1st & 1 at NYJ 1,05:59 1st,"— #79 Essex reports as eligible receiver. R.Mendenhall right tackle for 1 yard, TOUCHDOWN."
2010,CONFERENCE CHAMPIONSHIPS,Sunday,January 23rd,NYJ,PIT,1st Quarter,1,Pittsburgh Steelers,1,19,1,Extra Point,,05:54 1st,"— S.Suisham extra point is GOOD, Center-G.Warren, Holder-J.Kapinos."
2010,CONFERENCE CHAMPIONSHIPS,Sunday,January 23rd,NYJ,PIT,1st Quarter,2,New York Jets,0,1,0,Kickoff from PIT 30,,Kickoff,— S.Suisham kicks 55 yards from PIT 30 to NYJ 15. J.Cotchery to NYJ 27 for 12 yards (E.Sanders; R.Clark).
2010,CONFERENCE CHAMPIONSHIPS,Sunday,January 23rd,NYJ,PIT,1st Quarter,2,New York Jets,0,2,0,Pass Incomplete,1st & 10 at NYJ 27,05:46 1st,— M.Sanchez pass incomplete short right to D.Keller (C.Hampton). batted down near the line of scrimmage.
2010,CONFERENCE CHAMPIONSHIPS,Sunday,January 23rd,NYJ,PIT,1st Quarter,2,New York Jets,0,3,0,0 Yard Run,2nd & 10 at NYJ 27,05:44 1st,— L.Tomlinson right guard to NYJ 27 for no gain (J.Harrison).
2010,CONFERENCE CHAMPIONSHIPS,Sunday,January 23rd,NYJ,PIT,1st Quarter,2,New York Jets,0,4,0,14 Yard Pass,3rd & 10 at NYJ 27,05:05 1st Shotgun,— M.Sanchez pass short right to J.Cotchery to NYJ 41 for 14 yards (W.Gay).
2010,CONFERENCE CHAMPIONSHIPS,Sunday,January 23rd,NYJ,PIT,1st Quarter,2,New York Jets,0,5,0,5 Yard Penalty,1st & 10 at NYJ 41,04:24 1st,"— #75 Turner reports as eligible receiver. M.Sanchez pass incomplete deep left to B.Edwards. PENALTY on PIT-R.Clark, Illegal Contact, 5 yards, enforced at NYJ 41 - No Play."
2010,CONFERENCE CHAMPIONSHIPS,Sunday,January 23rd,NYJ,PIT,1st Quarter,2,New York Jets,0,6,0,1 Yard Run,1st & 10 at NYJ 46,04:17 1st,— S.Greene right guard to NYJ 47 for 1 yard (E.Hood).
2010,CONFERENCE CHAMPIONSHIPS,Sunday,January 23rd,NYJ,PIT,1st Quarter,2,New York Jets,0,7,0,10 Yard Penalty,2nd & 9 at NYJ 47,03:36 1st,"— M.Sanchez pass incomplete short right to S.Holmes. PENALTY on PIT-I.Taylor, Defensive Pass Interference, 10 yards, enforced at NYJ 47 - No Play."
2010,CONFERENCE CHAMPIONSHIPS,Sunday,January 23rd,NYJ,PIT,1st Quarter,2,New York Jets,0,8,0,1 Yard Run,1st & 10 at PIT 43,03:31 1st,— L.Tomlinson up the middle to PIT 42 for 1 yard (E.Hood; B.Keisel).
2010,CONFERENCE CHAMPIONSHIPS,Sunday,January 23rd,NYJ,PIT,1st Quarter,2,New York Jets,0,9,0,-5 Yard Penalty,2nd & 9 at PIT 42,02:52 1st Shotgun,"— PENALTY on NYJ-B.Edwards, False Start, 5 yards, enforced at PIT 42 - No Play."
2010,CONFERENCE CHAMPIONSHIPS,Sunday,January 23rd,NYJ,PIT,1st Quarter,2,New York Jets,0,10,0,Pass Incomplete,2nd & 14 at PIT 47,02:24 1st Shotgun,— M.Sanchez pass incomplete short middle to B.Hartsock (L.Timmons).
2010,CONFERENCE CHAMPIONSHIPS,Sunday,January 23rd,NYJ,PIT,1st Quarter,2,New York Jets,0,11,0,3 Yard Pass,3rd & 14 at PIT 47,02:19 1st Shotgun,"— M.Sanchez pass short left to J.Cotchery to PIT 44 for 3 yards (I.Taylor, J.Farrior)."
2010,CONFERENCE CHAMPIONSHIPS,Sunday,January 23rd,NYJ,PIT,1st Quarter,2,New York Jets,0,12,0,Punt,4th & 11 at PIT 44,01:51 1st Punt formation,"— S.Weatherford punts 31 yards to PIT 13, Center-T.Purdum, out of bounds."
2010,CONFERENCE CHAMPIONSHIPS,Sunday,January 23rd,NYJ,PIT,2nd Quarter,1,Pittsburgh Steelers,0,1,0,11 Yard Run,1st & 10 at PIT 13,01:43 1st,— R.Mendenhall right guard to PIT 24 for 11 yards (B.Pool).
2010,CONFERENCE CHAMPIONSHIPS,Sunday,January 23rd,NYJ,PIT,2nd Quarter,1,Pittsburgh Steelers,0,2,0,2 Yard Run,1st & 10 at PIT 24,01:06 1st,"— R.Mendenhall left tackle to PIT 26 for 2 yards (D.Harris, S.Pouha)."
2010,CONFERENCE CHAMPIONSHIPS,Sunday,January 23rd,NYJ,PIT,2nd Quarter,1,Pittsburgh Steelers,0,3,0,18 Yard Pass,2nd & 8 at PIT 26,00:22 1st,"— B.Roethlisberger pass short left to R.Mendenhall to PIT 44 for 18 yards (E.Smith). Penalty on NYJ-J.Taylor, Defensive Offside, declined."
2010,CONFERENCE CHAMPIONSHIPS,Sunday,January 23rd,NYJ,PIT,2nd Quarter,1,Pittsburgh Steelers,0,4,0,Pass Incomplete,1st & 10 at PIT 44,15:00 2nd,— B.Roethlisberger pass incomplete deep right to H.Miller (E.Smith).
2010,CONFERENCE CHAMPIONSHIPS,Sunday,January 23rd,NYJ,PIT,2nd Quarter,1,Pittsburgh Steelers,0,5,0,15 Yard Penalty,2nd & 10 at PIT 44,14:53 2nd Shotgun,"— B.Roethlisberger pass incomplete short middle to E.Sanders (D.Harris). PENALTY on NYJ-E.Smith, Unnecessary Roughness, 15 yards, enforced at PIT 44 - No Play."
2010,CONFERENCE CHAMPIONSHIPS,Sunday,January 23rd,NYJ,PIT,2nd Quarter,1,Pittsburgh Steelers,0,6,0,7 Yard Run,1st & 10 at NYJ 41,14:49 2nd,"— R.Mendenhall up the middle to NYJ 34 for 7 yards (E.Smith, D.Revis)."
2010,CONFERENCE CHAMPIONSHIPS,Sunday,January 23rd,NYJ,PIT,2nd Quarter,1,Pittsburgh Steelers,0,7,0,2 Yard Run,2nd & 3 at NYJ 34,14:08 2nd,— R.Mendenhall right guard to NYJ 32 for 2 yards (C.Pace).
2010,CONFERENCE CHAMPIONSHIPS,Sunday,January 23rd,NYJ,PIT,2nd Quarter,1,Pittsburgh Steelers,0,8,0,0 Yard Run,3rd & 1 at NYJ 32,13:26 2nd,"— I.Redman left guard to NYJ 32 for no gain (D.Harris, B.Scott). Official measurement."
2010,CONFERENCE CHAMPIONSHIPS,Sunday,January 23rd,NYJ,PIT,2nd Quarter,1,Pittsburgh Steelers,0,9,0,Interception,4th & 1 at NYJ 32,12:37 2nd,— B.Roethlisberger pass short middle intended for R.Mendenhall INTERCEPTED by B.Thomas at NYJ 34. B.Thomas to NYJ 35 for 1 yard (R.Mendenhall).
2010,CONFERENCE CHAMPIONSHIPS,Sunday,January 23rd,NYJ,PIT,2nd Quarter,2,New York Jets,0,1,0,-4 Yard Run,1st & 10 at NYJ 35,12:32 2nd,"— J.Cotchery left end to NYJ 31 for -4 yards (J.Harrison, I.Taylor)."
2010,CONFERENCE CHAMPIONSHIPS,Sunday,January 23rd,NYJ,PIT,2nd Quarter,2,New York Jets,0,2,0,-5 Yard Penalty,2nd & 14 at NYJ 31,11:48 2nd,"— #75 Turner reports as eligible receiver. PENALTY on NYJ-D.Ferguson, False Start, 5 yards, enforced at NYJ 31 - No Play."
2010,CONFERENCE CHAMPIONSHIPS,Sunday,January 23rd,NYJ,PIT,2nd Quarter,2,New York Jets,0,3,0,7 Yard Pass,2nd & 19 at NYJ 26,11:28 2nd,— M.Sanchez pass short middle to D.Keller to NYJ 33 for 7 yards (L.Timmons).
2010,CONFERENCE CHAMPIONSHIPS,Sunday,January 23rd,NYJ,PIT,2nd Quarter,2,New York Jets,0,4,0,Pass Incomplete,3rd & 12 at NYJ 33,10:41 2nd Shotgun,— M.Sanchez pass incomplete short left to J.Cotchery. Coverage by #20 McFadden.
2010,CONFERENCE CHAMPIONSHIPS,Sunday,January 23rd,NYJ,PIT,2nd Quarter,2,New York Jets,0,5,0,Punt,4th & 12 at NYJ 33,10:37 2nd Punt formation,"— S.Weatherford punts 29 yards to PIT 38, Center-T.Purdum, out of bounds."
2010,CONFERENCE CHAMPIONSHIPS,Sunday,January 23rd,NYJ,PIT,2nd Quarter,3,Pittsburgh Steelers,1,1,0,Pass Incomplete,1st & 10 at PIT 38,10:32 2nd,— B.Roethlisberger pass incomplete deep right to M.Wallace (D.Revis).
2010,CONFERENCE CHAMPIONSHIPS,Sunday,January 23rd,NYJ,PIT,2nd Quarter,3,Pittsburgh Steelers,1,2,0,35 Yard Run,2nd & 10 at PIT 38,10:25 2nd,— R.Mendenhall right tackle pushed ob at NYJ 27 for 35 yards (D.Revis).
2010,CONFERENCE CHAMPIONSHIPS,Sunday,January 23rd,NYJ,PIT,2nd Quarter,3,Pittsburgh Steelers,1,3,0,Timeout,,09:54 2nd,— Timeout #1 by PIT at 09:54.
2010,CONFERENCE CHAMPIONSHIPS,Sunday,January 23rd,NYJ,PIT,2nd Quarter,3,Pittsburgh Steelers,1,4,0,8 Yard Run,1st & 10 at NYJ 27,09:53 2nd,— I.Redman left guard to NYJ 19 for 8 yards (D.Coleman).
2010,CONFERENCE CHAMPIONSHIPS,Sunday,January 23rd,NYJ,PIT,2nd Quarter,3,Pittsburgh Steelers,1,5,0,13 Yard Run,2nd & 2 at NYJ 19,09:11 2nd,"— I.Redman left guard to NYJ 6 for 13 yards (A.Cromartie, D.Revis)."
2010,CONFERENCE CHAMPIONSHIPS,Sunday,January 23rd,NYJ,PIT,2nd Quarter,3,Pittsburgh Steelers,1,6,0,1 Yard Run,1st & 6 at NYJ 6,08:26 2nd,"— R.Mendenhall right guard to NYJ 5 for 1 yard (B.Scott, E.Smith)."
2010,CONFERENCE CHAMPIONSHIPS,Sunday,January 23rd,NYJ,PIT,2nd Quarter,3,Pittsburgh Steelers,1,7,0,3 Yard Run,2nd & 5 at NYJ 5,07:45 2nd,"— R.Mendenhall up the middle to NYJ 2 for 3 yards (S.Ellis, S.Pouha)."
2010,CONFERENCE CHAMPIONSHIPS,Sunday,January 23rd,NYJ,PIT,2nd Quarter,3,Pittsburgh Steelers,1,8,0,Timeout,,06:57 2nd,— Timeout #2 by PIT at 06:57.
2010,CONFERENCE CHAMPIONSHIPS,Sunday,January 23rd,NYJ,PIT,2nd Quarter,3,Pittsburgh Steelers,1,9,0,Pass Incomplete,3rd & 2 at NYJ 2,06:57 2nd Shotgun,— B.Roethlisberger pass incomplete short middle to E.Sanders (E.Smith). Ball tipped near line of scrimmage.
2010,CONFERENCE CHAMPIONSHIPS,Sunday,January 23rd,NYJ,PIT,2nd Quarter,3,Pittsburgh Steelers,1,10,1,Field Goal,4th & 2 at NYJ 2,06:54 2nd Field Goal formation,"— S.Suisham 20 yard field goal is GOOD, Center-G.Warren, Holder-J.Kapinos."
2010,CONFERENCE CHAMPIONSHIPS,Sunday,January 23rd,NYJ,PIT,2nd Quarter,4,New York Jets,0,1,0,Kickoff from PIT 30,,Kickoff,"— S.Suisham kicks 59 yards from PIT 30 to NYJ 11, out of bounds."
2010,CONFERENCE CHAMPIONSHIPS,Sunday,January 23rd,NYJ,PIT,2nd Quarter,4,New York Jets,0,2,0,3 Yard Run,1st & 10 at NYJ 40,06:51 2nd,"— S.Greene right guard to NYJ 43 for 3 yards (J.Harrison, B.Keisel)."
2010,CONFERENCE CHAMPIONSHIPS,Sunday,January 23rd,NYJ,PIT,2nd Quarter,4,New York Jets,0,3,0,Pass Incomplete,2nd & 7 at NYJ 43,06:13 2nd,— M.Sanchez pass incomplete short right to B.Edwards. COVERAGE BY #20 MCFADDEN.
2010,CONFERENCE CHAMPIONSHIPS,Sunday,January 23rd,NYJ,PIT,2nd Quarter,4,New York Jets,0,4,0,Pass Incomplete,3rd & 7 at NYJ 43,06:11 2nd Shotgun,— M.Sanchez pass incomplete deep middle to J.Cotchery (B.Keisel).
2010,CONFERENCE CHAMPIONSHIPS,Sunday,January 23rd,NYJ,PIT,2nd Quarter,4,New York Jets,0,5,0,Punt,4th & 7 at NYJ 43,06:03 2nd Punt formation,"— S.Weatherford punts 33 yards to PIT 24, Center-T.Purdum. A.Randle El to PIT 34 for 10 yards (B.Smith)."
2010,CONFERENCE CHAMPIONSHIPS,Sunday,January 23rd,NYJ,PIT,2nd Quarter,5,Pittsburgh Steelers,1,1,0,Pass Incomplete,1st & 10 at PIT 34,05:57 2nd,— B.Roethlisberger pass incomplete short right to M.Wallace.
2010,CONFERENCE CHAMPIONSHIPS,Sunday,January 23rd,NYJ,PIT,2nd Quarter,5,Pittsburgh Steelers,1,2,0,24 Yard Pass,2nd & 10 at PIT 34,05:53 2nd,— B.Roethlisberger pass deep right to H.Miller to NYJ 42 for 24 yards (D.Harris).
2010,CONFERENCE CHAMPIONSHIPS,Sunday,January 23rd,NYJ,PIT,2nd Quarter,5,Pittsburgh Steelers,1,3,0,3 Yard Run,1st & 10 at NYJ 42,05:09 2nd,— R.Mendenhall up the middle to NYJ 39 for 3 yards (M.Devito).
2010,CONFERENCE CHAMPIONSHIPS,Sunday,January 23rd,NYJ,PIT,2nd Quarter,5,Pittsburgh Steelers,1,4,0,20 Yard Pass,2nd & 7 at NYJ 39,04:25 2nd Shotgun,— B.Roethlisberger pass deep left to E.Sanders to NYJ 19 for 20 yards (D.Coleman).
2010,CONFERENCE CHAMPIONSHIPS,Sunday,January 23rd,NYJ,PIT,2nd Quarter,5,Pittsburgh Steelers,1,5,0,3 Yard Run,1st & 10 at NYJ 19,03:38 2nd,"— R.Mendenhall right tackle to NYJ 16 for 3 yards (J.Taylor, S.Pouha)."
2010,CONFERENCE CHAMPIONSHIPS,Sunday,January 23rd,NYJ,PIT,2nd Quarter,5,Pittsburgh Steelers,1,6,0,14 Yard Pass,2nd & 7 at NYJ 16,02:54 2nd,— B.Roethlisberger pass short left to R.Mendenhall to NYJ 2 for 14 yards (A.Cromartie).
2010,CONFERENCE CHAMPIONSHIPS,Sunday,January 23rd,NYJ,PIT,2nd Quarter,5,Pittsburgh Steelers,1,7,1,Touchdown,1st & 2 at NYJ 2,02:05 2nd,"— B.Roethlisberger scrambles right end for 2 yards, TOUCHDOWN."
2010,CONFERENCE CHAMPIONSHIPS,Sunday,January 23rd,NYJ,PIT,2nd Quarter,5,Pittsburgh Steelers,1,8,1,Extra Point,,02:00 2nd,"— S.Suisham extra point is GOOD, Center-G.Warren, Holder-J.Kapinos."
2010,CONFERENCE CHAMPIONSHIPS,Sunday,January 23rd,NYJ,PIT,2nd Quarter,6,Pittsburgh Steelers,1,1,0,Kickoff from PIT 30,,Kickoff,— S.Suisham kicks 60 yards from PIT 30 to NYJ 10. B.Smith to NYJ 33 for 23 yards (A.Battle).
2010,CONFERENCE CHAMPIONSHIPS,Sunday,January 23rd,NYJ,PIT,2nd Quarter,6,Pittsburgh Steelers,1,2,0,-7 Yard Sack,1st & 10 at NYJ 33,01:53 2nd,— #75 Turner reports as eligible receiver. M.Sanchez sacked at NYJ 26 for -7 yards (L.Woodley).
2010,CONFERENCE CHAMPIONSHIPS,Sunday,January 23rd,NYJ,PIT,2nd Quarter,6,Pittsburgh Steelers,1,3,0,Pass Incomplete,2nd & 17 at NYJ 26,"01:26 2nd No Huddle, Shotgun",— M.Sanchez pass incomplete short middle to J.Cotchery. Coverage by #20 McFadden.
2010,CONFERENCE CHAMPIONSHIPS,Sunday,January 23rd,NYJ,PIT,2nd Quarter,6,Pittsburgh Steelers,1,4,1,Touchdown,3rd & 17 at NYJ 26,01:23 2nd Shotgun,"— M.Sanchez sacked at NYJ 20 for -6 yards (I.Taylor). FUMBLES (I.Taylor) [I.Taylor], RECOVERED by PIT-W.Gay at NYJ 19. W.Gay for 19 yards, TOUCHDOWN. The Replay Assistant challenged the fumble ruling, and the play was Upheld."
2010,CONFERENCE CHAMPIONSHIPS,Sunday,January 23rd,NYJ,PIT,2nd Quarter,7,New York Jets,1,1,0,Kickoff from PIT 30,,Kickoff,— S.Suisham kicks 45 yards from PIT 30 to NYJ 25. R.Turner to NYJ 31 for 6 yards (A.Battle). NYJ-J.Cotchery was injured during the play.
2010,CONFERENCE CHAMPIONSHIPS,Sunday,January 23rd,NYJ,PIT,2nd Quarter,7,New York Jets,1,2,0,5 Yard Pass,1st & 10 at NYJ 31,01:08 2nd Shotgun,— M.Sanchez pass short right to D.Keller to NYJ 36 for 5 yards (L.Woodley).
2010,CONFERENCE CHAMPIONSHIPS,Sunday,January 23rd,NYJ,PIT,2nd Quarter,7,New York Jets,1,3,0,16 Yard Pass,2nd & 5 at NYJ 36,"00:46 2nd No Huddle, Shotgun",— M.Sanchez pass short left to B.Smith pushed ob at PIT 48 for 16 yards (T.Polamalu).
2010,CONFERENCE CHAMPIONSHIPS,Sunday,January 23rd,NYJ,PIT,2nd Quarter,7,New York Jets,1,4,0,9 Yard Pass,1st & 10 at PIT 48,00:39 2nd Shotgun,"— M.Sanchez pass short middle to B.Smith to PIT 39 for 9 yards (J.Farrior, L.Woodley)."
2010,CONFERENCE CHAMPIONSHIPS,Sunday,January 23rd,NYJ,PIT,2nd Quarter,7,New York Jets,1,5,0,Timeout,,00:33 2nd,— Timeout #1 by NYJ at 00:33.
2010,CONFERENCE CHAMPIONSHIPS,Sunday,January 23rd,NYJ,PIT,2nd Quarter,7,New York Jets,1,6,0,5 Yard Penalty,2nd & 1 at PIT 39,00:33 2nd Shotgun,"— M.Sanchez pass incomplete short middle to D.Keller (L.Timmons). PENALTY on PIT-B.McFadden, Illegal Contact, 5 yards, enforced at PIT 39 - No Play."
2010,CONFERENCE CHAMPIONSHIPS,Sunday,January 23rd,NYJ,PIT,2nd Quarter,7,New York Jets,1,7,0,9 Yard Pass,1st & 10 at PIT 34,00:28 2nd Shotgun,— M.Sanchez pass short right to D.Keller to PIT 25 for 9 yards (L.Timmons).
2010,CONFERENCE CHAMPIONSHIPS,Sunday,January 23rd,NYJ,PIT,2nd Quarter,7,New York Jets,1,8,0,Timeout,,00:23 2nd,— Timeout #2 by NYJ at 00:23.
2010,CONFERENCE CHAMPIONSHIPS,Sunday,January 23rd,NYJ,PIT,2nd Quarter,7,New York Jets,1,9,0,Pass Incomplete,2nd & 1 at PIT 25,00:23 2nd Shotgun,— M.Sanchez pass incomplete deep left to S.Holmes. Coverage by #24 Taylor.
2010,CONFERENCE CHAMPIONSHIPS,Sunday,January 23rd,NYJ,PIT,2nd Quarter,7,New York Jets,1,10,0,Pass Incomplete,3rd & 1 at PIT 25,00:18 2nd Shotgun,"— M.Sanchez pass incomplete deep right to B.Edwards. Pressure by #56 Woodley, Coverage by #20 McFadden."
2010,CONFERENCE CHAMPIONSHIPS,Sunday,January 23rd,NYJ,PIT,2nd Quarter,7,New York Jets,1,11,1,Field Goal,4th & 1 at PIT 25,00:14 2nd Field Goal formation,"— N.Folk 42 yard field goal is GOOD, Center-T.Purdum, Holder-S.Weatherford."
2010,CONFERENCE CHAMPIONSHIPS,Sunday,January 23rd,NYJ,PIT,2nd Quarter,8,Pittsburgh Steelers,0,1,0,Kickoff from NYJ 30,,Kickoff,— N.Folk kicks 39 yards from NYJ 30 to PIT 31. M.Spaeth to PIT 33 for 2 yards (J.McKnight).
2010,CONFERENCE CHAMPIONSHIPS,Sunday,January 23rd,NYJ,PIT,2nd Quarter,8,Pittsburgh Steelers,0,2,0,-1 Yard Run,1st & 10 at PIT 33,00:08 2nd,— B.Roethlisberger kneels to PIT 32 for -1 yards.
2010,CONFERENCE CHAMPIONSHIPS,Sunday,January 23rd,NYJ,PIT,3rd Quarter,1,New York Jets,1,1,0,Kickoff from PIT 30,,Kickoff,— S.Suisham kicks 59 yards from PIT 30 to NYJ 11. B.Smith to NYJ 10 for -1 yards (K.Fox).
2010,CONFERENCE CHAMPIONSHIPS,Sunday,January 23rd,NYJ,PIT,3rd Quarter,1,New York Jets,1,2,0,23 Yard Run,1st & 10 at NYJ 10,14:52 3rd,— S.Greene left tackle pushed ob at NYJ 33 for 23 yards (E.Hood).
2010,CONFERENCE CHAMPIONSHIPS,Sunday,January 23rd,NYJ,PIT,3rd Quarter,1,New York Jets,1,3,0,8 Yard Run,1st & 10 at NYJ 33,14:26 3rd,"— L.Tomlinson up the middle to NYJ 41 for 8 yards (J.Farrior, T.Polamalu)."
2010,CONFERENCE CHAMPIONSHIPS,Sunday,January 23rd,NYJ,PIT,3rd Quarter,1,New York Jets,1,4,0,-2 Yard Run,2nd & 2 at NYJ 41,13:40 3rd,— L.Tomlinson right tackle to NYJ 39 for -2 yards (L.Woodley).
2010,CONFERENCE CHAMPIONSHIPS,Sunday,January 23rd,NYJ,PIT,3rd Quarter,1,New York Jets,1,5,0,16 Yard Pass,3rd & 4 at NYJ 39,13:01 3rd Shotgun,— M.Sanchez pass short left to S.Holmes to PIT 45 for 16 yards (I.Taylor).
2010,CONFERENCE CHAMPIONSHIPS,Sunday,January 23rd,NYJ,PIT,3rd Quarter,1,New York Jets,1,6,1,Touchdown,1st & 10 at PIT 45,12:22 3rd,"— M.Sanchez pass deep right to S.Holmes for 45 yards, TOUCHDOWN."
2010,CONFERENCE CHAMPIONSHIPS,Sunday,January 23rd,NYJ,PIT,3rd Quarter,1,New York Jets,1,7,1,Extra Point,,12:13 3rd,"— N.Folk extra point is GOOD, Center-T.Purdum, Holder-S.Weatherford."
2010,CONFERENCE CHAMPIONSHIPS,Sunday,January 23rd,NYJ,PIT,3rd Quarter,2,Pittsburgh Steelers,0,1,0,Kickoff from NYJ 30,,Kickoff,— N.Folk kicks 60 yards from NYJ 30 to PIT 10. A.Brown to PIT 28 for 18 yards (J.Mauga).
2010,CONFERENCE CHAMPIONSHIPS,Sunday,January 23rd,NYJ,PIT,3rd Quarter,2,Pittsburgh Steelers,0,2,0,4 Yard Run,1st & 10 at PIT 28,12:08 3rd,— B.Roethlisberger scrambles right tackle to PIT 32 for 4 yards (M.Devito).
2010,CONFERENCE CHAMPIONSHIPS,Sunday,January 23rd,NYJ,PIT,3rd Quarter,2,Pittsburgh Steelers,0,3,0,4 Yard Run,2nd & 6 at PIT 32,11:22 3rd,— R.Mendenhall left guard to PIT 36 for 4 yards (S.Pouha).
2010,CONFERENCE CHAMPIONSHIPS,Sunday,January 23rd,NYJ,PIT,3rd Quarter,2,Pittsburgh Steelers,0,4,0,Pass Incomplete,3rd & 2 at PIT 36,10:41 3rd Shotgun,— B.Roethlisberger pass incomplete short right to A.Brown.
2010,CONFERENCE CHAMPIONSHIPS,Sunday,January 23rd,NYJ,PIT,3rd Quarter,2,Pittsburgh Steelers,0,5,0,3 Yard Run,1st & 10 at NYJ 49,10:21 3rd,— R.Mendenhall up the middle to NYJ 46 for 3 yards (M.Devito).
2010,CONFERENCE CHAMPIONSHIPS,Sunday,January 23rd,NYJ,PIT,3rd Quarter,2,Pittsburgh Steelers,0,6,0,1 Yard Run,2nd & 7 at NYJ 46,09:49 3rd,"— R.Mendenhall right guard to NYJ 45 for 1 yard (B.Pool, B.Scott)."
2010,CONFERENCE CHAMPIONSHIPS,Sunday,January 23rd,NYJ,PIT,3rd Quarter,2,Pittsburgh Steelers,0,7,0,9 Yard Pass,3rd & 6 at NYJ 45,09:08 3rd Shotgun,— B.Roethlisberger pass short middle to M.Moore to NYJ 36 for 9 yards (A.Cromartie).
2010,CONFERENCE CHAMPIONSHIPS,Sunday,January 23rd,NYJ,PIT,3rd Quarter,2,Pittsburgh Steelers,0,8,0,-1 Yard Run,1st & 10 at NYJ 36,08:23 3rd,"— B.Roethlisberger FUMBLES (Aborted) at NYJ 36, and recovers at NYJ 37. B.Roethlisberger to NYJ 37 for no gain (S.Pouha)."
2010,CONFERENCE CHAMPIONSHIPS,Sunday,January 23rd,NYJ,PIT,3rd Quarter,2,Pittsburgh Steelers,0,9,0,Interception,2nd & 11 at NYJ 37,07:54 3rd Shotgun,— B.Roethlisberger pass deep left intended for E.Sanders INTERCEPTED by B.Pool at NYJ 5. B.Pool pushed ob at NYJ 14 for 9 yards (H.Ward).
2010,CONFERENCE CHAMPIONSHIPS,Sunday,January 23rd,NYJ,PIT,3rd Quarter,3,New York Jets,0,1,0,3 Yard Run,1st & 10 at NYJ 14,07:42 3rd,— S.Greene up the middle to NYJ 17 for 3 yards (E.Hood).
2010,CONFERENCE CHAMPIONSHIPS,Sunday,January 23rd,NYJ,PIT,3rd Quarter,3,New York Jets,0,2,0,Pass Incomplete,2nd & 7 at NYJ 17,07:00 3rd Shotgun,— M.Sanchez pass incomplete short middle to S.Holmes [J.Farrior]. Coverage by #24 Taylor.
2010,CONFERENCE CHAMPIONSHIPS,Sunday,January 23rd,NYJ,PIT,3rd Quarter,3,New York Jets,0,3,0,Pass Incomplete,3rd & 7 at NYJ 17,06:56 3rd Shotgun,— M.Sanchez pass incomplete short right to B.Edwards. Coverage by #20 McFadden.
2010,CONFERENCE CHAMPIONSHIPS,Sunday,January 23rd,NYJ,PIT,3rd Quarter,3,New York Jets,0,4,0,Punt,4th & 7 at NYJ 17,06:52 3rd Punt formation,"— S.Weatherford punts 50 yards to PIT 33, Center-T.Purdum. A.Randle El MUFFS catch, ball out of bounds at PIT 30."
2010,CONFERENCE CHAMPIONSHIPS,Sunday,January 23rd,NYJ,PIT,3rd Quarter,4,Pittsburgh Steelers,0,1,0,0 Yard Run,1st & 10 at PIT 30,06:44 3rd,"— R.Mendenhall up the middle to PIT 30 for no gain (M.Devito, D.Harris)."
2010,CONFERENCE CHAMPIONSHIPS,Sunday,January 23rd,NYJ,PIT,3rd Quarter,4,Pittsburgh Steelers,0,2,0,6 Yard Run,2nd & 10 at PIT 30,06:07 3rd,— R.Mendenhall left tackle to PIT 36 for 6 yards (B.Pool).
2010,CONFERENCE CHAMPIONSHIPS,Sunday,January 23rd,NYJ,PIT,3rd Quarter,4,Pittsburgh Steelers,0,3,0,5 Yard Run,3rd & 4 at PIT 36,05:24 3rd Shotgun,"— B.Roethlisberger scrambles left guard to PIT 41 for 5 yards (S.Ellis, D.Harris)."
2010,CONFERENCE CHAMPIONSHIPS,Sunday,January 23rd,NYJ,PIT,3rd Quarter,4,Pittsburgh Steelers,0,4,0,-1 Yard Run,1st & 10 at PIT 41,04:39 3rd,— R.Mendenhall up the middle to PIT 40 for -1 yards (M.Devito).
2010,CONFERENCE CHAMPIONSHIPS,Sunday,January 23rd,NYJ,PIT,3rd Quarter,4,Pittsburgh Steelers,0,5,0,8 Yard Run,2nd & 11 at PIT 40,04:04 3rd,— R.Mendenhall right end to PIT 48 for 8 yards (E.Smith).
2010,CONFERENCE CHAMPIONSHIPS,Sunday,January 23rd,NYJ,PIT,3rd Quarter,4,Pittsburgh Steelers,0,6,0,10 Yard Run,3rd & 3 at PIT 48,03:18 3rd Shotgun,"— B.Roethlisberger scrambles left end to NYJ 47 for 5 yards (B.Pool). PENALTY on NYJ-A.Cromartie, Defensive Holding, 5 yards, enforced at NYJ 47."
2010,CONFERENCE CHAMPIONSHIPS,Sunday,January 23rd,NYJ,PIT,3rd Quarter,4,Pittsburgh Steelers,0,7,0,-7 Yard Sack,1st & 10 at NYJ 42,02:49 3rd,— B.Roethlisberger sacked at NYJ 49 for -7 yards (C.Pace).
2010,CONFERENCE CHAMPIONSHIPS,Sunday,January 23rd,NYJ,PIT,3rd Quarter,4,Pittsburgh Steelers,0,8,0,-3 Yard Run,2nd & 17 at NYJ 49,02:12 3rd Shotgun,— M.Moore right guard to PIT 48 for -3 yards (D.Harris).
2010,CONFERENCE CHAMPIONSHIPS,Sunday,January 23rd,NYJ,PIT,3rd Quarter,4,Pittsburgh Steelers,0,9,0,-5 Yard Sack,3rd & 20 at PIT 48,01:29 3rd Shotgun,— B.Roethlisberger sacked at PIT 43 for -5 yards (T.Pryce).
2010,CONFERENCE CHAMPIONSHIPS,Sunday,January 23rd,NYJ,PIT,3rd Quarter,4,Pittsburgh Steelers,0,10,0,Punt,4th & 25 at PIT 43,00:57 3rd Punt formation,"— J.Kapinos punts 38 yards to NYJ 19, Center-G.Warren, fair catch by J.Cotchery."
2010,CONFERENCE CHAMPIONSHIPS,Sunday,January 23rd,NYJ,PIT,4th Quarter,1,New York Jets,0,1,0,18 Yard Pass,1st & 10 at NYJ 19,00:50 3rd,— #75 Turner reports as eligible receiver. M.Sanchez pass short middle to B.Edwards to NYJ 37 for 18 yards (R.Clark). PIT-R.Clark was injured during the play.
2010,CONFERENCE CHAMPIONSHIPS,Sunday,January 23rd,NYJ,PIT,4th Quarter,1,New York Jets,0,2,0,5 Yard Run,1st & 10 at NYJ 37,00:15 3rd,— L.Tomlinson left guard to NYJ 42 for 5 yards (L.Timmons).
2010,CONFERENCE CHAMPIONSHIPS,Sunday,January 23rd,NYJ,PIT,4th Quarter,1,New York Jets,0,3,0,19 Yard Pass,2nd & 5 at NYJ 42,15:00 4th,— M.Sanchez pass deep left to D.Keller to PIT 39 for 19 yards (R.Clark) [L.Woodley].
2010,CONFERENCE CHAMPIONSHIPS,Sunday,January 23rd,NYJ,PIT,4th Quarter,1,New York Jets,0,4,0,Pass Incomplete,1st & 10 at PIT 39,14:32 4th,"— M.Sanchez pass incomplete deep right to B.Edwards. Coverage by #22 Gay, Pressure by #94 Timmons."
2010,CONFERENCE CHAMPIONSHIPS,Sunday,January 23rd,NYJ,PIT,4th Quarter,1,New York Jets,0,5,0,6 Yard Pass,2nd & 10 at PIT 39,14:26 4th,"— M.Sanchez pass short right to J.Cotchery to PIT 33 for 6 yards (T.Polamalu, W.Gay)."
2010,CONFERENCE CHAMPIONSHIPS,Sunday,January 23rd,NYJ,PIT,4th Quarter,1,New York Jets,0,6,0,6 Yard Pass,3rd & 4 at PIT 33,13:53 4th Shotgun,— M.Sanchez pass short middle to D.Keller to PIT 27 for 6 yards (R.Clark).
2010,CONFERENCE CHAMPIONSHIPS,Sunday,January 23rd,NYJ,PIT,4th Quarter,1,New York Jets,0,7,0,1 Yard Run,1st & 10 at PIT 27,13:18 4th,— S.Greene up the middle to PIT 26 for 1 yard (J.Harrison).
2010,CONFERENCE CHAMPIONSHIPS,Sunday,January 23rd,NYJ,PIT,4th Quarter,1,New York Jets,0,8,0,6 Yard Run,2nd & 9 at PIT 26,12:38 4th Shotgun,— M.Sanchez scrambles up the middle to PIT 20 for 6 yards (J.Farrior).
2010,CONFERENCE CHAMPIONSHIPS,Sunday,January 23rd,NYJ,PIT,4th Quarter,1,New York Jets,0,9,0,2 Yard Run,3rd & 3 at PIT 20,11:53 4th,— S.Greene left end to PIT 18 for 2 yards (J.Harrison; J.Farrior). Official measurement.
2010,CONFERENCE CHAMPIONSHIPS,Sunday,January 23rd,NYJ,PIT,4th Quarter,1,New York Jets,0,10,0,2 Yard Run,4th & 1 at PIT 18,11:19 4th,"— S.Greene right guard to PIT 16 for 2 yards (L.Timmons, B.Keisel)."
2010,CONFERENCE CHAMPIONSHIPS,Sunday,January 23rd,NYJ,PIT,4th Quarter,1,New York Jets,0,11,0,-8 Yard Run,1st & 10 at PIT 16,10:31 4th Shotgun,"— M.Sanchez FUMBLES (Aborted) at PIT 24, and recovers at PIT 24. M.Sanchez to PIT 24 for no gain (B.Keisel)."
2010,CONFERENCE CHAMPIONSHIPS,Sunday,January 23rd,NYJ,PIT,4th Quarter,1,New York Jets,0,12,0,16 Yard Run,2nd & 18 at PIT 24,09:57 4th,— S.Greene left guard to PIT 8 for 16 yards (T.Polamalu).
2010,CONFERENCE CHAMPIONSHIPS,Sunday,January 23rd,NYJ,PIT,4th Quarter,1,New York Jets,0,13,0,6 Yard Pass,3rd & 2 at PIT 8,09:20 4th,— M.Sanchez pass short right to J.Cotchery to PIT 2 for 6 yards (L.Timmons).
2010,CONFERENCE CHAMPIONSHIPS,Sunday,January 23rd,NYJ,PIT,4th Quarter,1,New York Jets,0,14,0,1 Yard Run,1st & 2 at PIT 2,08:39 4th,"— S.Greene up the middle to PIT 1 for 1 yard (J.Farrior, L.Timmons)."
2010,CONFERENCE CHAMPIONSHIPS,Sunday,January 23rd,NYJ,PIT,4th Quarter,1,New York Jets,0,15,0,Pass Incomplete,2nd & 1 at PIT 1,07:56 4th,— M.Sanchez pass incomplete short right to D.Keller. Coverage by #25 Clark.
2010,CONFERENCE CHAMPIONSHIPS,Sunday,January 23rd,NYJ,PIT,4th Quarter,1,New York Jets,0,16,0,Pass Incomplete,3rd & 1 at PIT 1,07:53 4th,— M.Sanchez pass incomplete short right to S.Holmes (L.Woodley). Batted down near the line of scrimmage.
2010,CONFERENCE CHAMPIONSHIPS,Sunday,January 23rd,NYJ,PIT,4th Quarter,1,New York Jets,0,17,0,Turnover on Downs,4th & 1 at PIT 1,07:50 4th,"— L.Tomlinson up the middle to PIT 1 for no gain (B.Keisel, C.Hampton)."
2010,CONFERENCE CHAMPIONSHIPS,Sunday,January 23rd,NYJ,PIT,4th Quarter,2,New York Jets,0,1,0,Safety,1st & 10 at PIT 1,07:44 4th,"— B.Roethlisberger FUMBLES (Aborted) at PIT 0, and recovers at PIT -1. B.Roethlisberger tackled in End Zone, SAFETY (M.Devito)."
2010,CONFERENCE CHAMPIONSHIPS,Sunday,January 23rd,NYJ,PIT,4th Quarter,3,New York Jets,1,1,0,Kickoff from PIT 20,,Kickoff,"— J.Kapinos kicks 49 yards from PIT 20 to NYJ 31. J.Cotchery to NYJ 42 for 11 yards (A.Battle, R.Mundy)."
2010,CONFERENCE CHAMPIONSHIPS,Sunday,January 23rd,NYJ,PIT,4th Quarter,3,New York Jets,1,2,0,22 Yard Pass,1st & 10 at NYJ 42,07:38 4th,— M.Sanchez pass deep right to B.Edwards pushed ob at PIT 36 for 22 yards (W.Gay).
2010,CONFERENCE CHAMPIONSHIPS,Sunday,January 23rd,NYJ,PIT,4th Quarter,3,New York Jets,1,3,0,0 Yard Run,1st & 10 at PIT 36,06:50 4th,"— M.Sanchez right guard to PIT 36 for no gain (B.Keisel, J.Harrison). NYJ-N.Mangold was injured during the play."
2010,CONFERENCE CHAMPIONSHIPS,Sunday,January 23rd,NYJ,PIT,4th Quarter,3,New York Jets,1,4,0,9 Yard Pass,2nd & 10 at PIT 36,06:28 4th,— M.Sanchez pass short middle to D.Keller to PIT 27 for 9 yards (L.Timmons).
2010,CONFERENCE CHAMPIONSHIPS,Sunday,January 23rd,NYJ,PIT,4th Quarter,3,New York Jets,1,5,0,0 Yard Run,3rd & 1 at PIT 27,05:57 4th,"— L.Tomlinson up the middle to PIT 27 for no gain (J.Harrison, B.Keisel)."
2010,CONFERENCE CHAMPIONSHIPS,Sunday,January 23rd,NYJ,PIT,4th Quarter,3,New York Jets,1,6,0,10 Yard Pass,4th & 1 at PIT 27,05:16 4th,— M.Sanchez pass short right to B.Edwards to PIT 17 for 10 yards (T.Polamalu).
2010,CONFERENCE CHAMPIONSHIPS,Sunday,January 23rd,NYJ,PIT,4th Quarter,3,New York Jets,1,7,0,2 Yard Run,1st & 10 at PIT 17,"04:55 4th No Huddle, Shotgun","— L.Tomlinson up the middle to PIT 15 for 2 yards (L.Timmons, J.Farrior)."
2010,CONFERENCE CHAMPIONSHIPS,Sunday,January 23rd,NYJ,PIT,4th Quarter,3,New York Jets,1,8,0,4 Yard Pass,2nd & 8 at PIT 15,"04:35 4th No Huddle, Shotgun",— M.Sanchez pass short right to D.Keller to PIT 11 for 4 yards (L.Timmons).
2010,CONFERENCE CHAMPIONSHIPS,Sunday,January 23rd,NYJ,PIT,4th Quarter,3,New York Jets,1,9,0,5 Yard Pass,3rd & 4 at PIT 11,"04:09 4th No Huddle, Shotgun",— M.Sanchez pass short right to D.Keller to PIT 6 for 5 yards (L.Timmons).
2010,CONFERENCE CHAMPIONSHIPS,Sunday,January 23rd,NYJ,PIT,4th Quarter,3,New York Jets,1,10,0,2 Yard Run,1st & 6 at PIT 6,"03:47 4th No Huddle, Shotgun",— L.Tomlinson right guard to PIT 4 for 2 yards (J.Farrior).
2010,CONFERENCE CHAMPIONSHIPS,Sunday,January 23rd,NYJ,PIT,4th Quarter,3,New York Jets,1,11,1,Touchdown,2nd & 4 at PIT 4,03:09 4th Shotgun,"— M.Sanchez pass short left to J.Cotchery for 4 yards, TOUCHDOWN."
2010,CONFERENCE CHAMPIONSHIPS,Sunday,January 23rd,NYJ,PIT,4th Quarter,3,New York Jets,1,12,1,Extra Point,,03:06 4th,"— N.Folk extra point is GOOD, Center-T.Purdum, Holder-S.Weatherford."
2010,CONFERENCE CHAMPIONSHIPS,Sunday,January 23rd,NYJ,PIT,4th Quarter,4,Pittsburgh Steelers,0,1,0,Kickoff from NYJ 30,,Kickoff,— N.Folk kicks 56 yards from NYJ 30 to PIT 14. A.Brown ran ob at PIT 41 for 27 yards (D.Coleman).
2010,CONFERENCE CHAMPIONSHIPS,Sunday,January 23rd,NYJ,PIT,4th Quarter,4,Pittsburgh Steelers,0,2,0,1 Yard Run,1st & 10 at PIT 41,02:56 4th,"— R.Mendenhall right tackle to PIT 42 for 1 yard (B.Pool, D.Revis)."
2010,CONFERENCE CHAMPIONSHIPS,Sunday,January 23rd,NYJ,PIT,4th Quarter,4,Pittsburgh Steelers,0,3,0,Timeout,,02:50 4th,— Timeout #1 by NYJ at 02:50.
2010,CONFERENCE CHAMPIONSHIPS,Sunday,January 23rd,NYJ,PIT,4th Quarter,4,Pittsburgh Steelers,0,4,0,14 Yard Pass,2nd & 9 at PIT 42,02:50 4th,— B.Roethlisberger pass short right to H.Miller to NYJ 44 for 14 yards (A.Cromartie).
2010,CONFERENCE CHAMPIONSHIPS,Sunday,January 23rd,NYJ,PIT,4th Quarter,4,Pittsburgh Steelers,0,5,0,Timeout,,02:43 4th,— Timeout #2 by NYJ at 02:43.
2010,CONFERENCE CHAMPIONSHIPS,Sunday,January 23rd,NYJ,PIT,4th Quarter,4,Pittsburgh Steelers,0,6,0,2 Yard Run,1st & 10 at NYJ 44,02:43 4th,— R.Mendenhall right tackle to NYJ 42 for 2 yards (J.Taylor).
2010,CONFERENCE CHAMPIONSHIPS,Sunday,January 23rd,NYJ,PIT,4th Quarter,4,Pittsburgh Steelers,0,7,0,Timeout,,02:38 4th,— Timeout #3 by NYJ at 02:38.
2010,CONFERENCE CHAMPIONSHIPS,Sunday,January 23rd,NYJ,PIT,4th Quarter,4,Pittsburgh Steelers,0,8,0,2 Yard Run,2nd & 8 at NYJ 42,02:38 4th,"— R.Mendenhall right end to NYJ 40 for 2 yards (D.Harris, B.Thomas)."
2010,CONFERENCE CHAMPIONSHIPS,Sunday,January 23rd,NYJ,PIT,4th Quarter,4,Pittsburgh Steelers,0,9,0,14 Yard Pass,3rd & 6 at NYJ 40,02:00 4th Shotgun,— B.Roethlisberger pass short right to A.Brown pushed ob at NYJ 26 for 14 yards (E.Smith).
2010,CONFERENCE CHAMPIONSHIPS,Sunday,January 23rd,NYJ,PIT,4th Quarter,4,Pittsburgh Steelers,0,10,0,-1 Yard Run,1st & 10 at NYJ 26,01:48 4th,— B.Roethlisberger kneels to NYJ 27 for -1 yards.
2010,CONFERENCE CHAMPIONSHIPS,Sunday,January 23rd,NYJ,PIT,4th Quarter,4,Pittsburgh Steelers,0,11,0,-4 Yard Run,2nd & 11 at NYJ 27,01:08 4th,— B.Roethlisberger kneels to NYJ 31 for -4 yards.
2010,CONFERENCE CHAMPIONSHIPS,Sunday,January 23rd,NYJ,PIT,4th Quarter,4,Pittsburgh Steelers,0,12,0,-1 Yard Run,3rd & 15 at NYJ 31,00:29 4th,— B.Roethlisberger kneels to NYJ 32 for -1 yards.
2010,CONFERENCE CHAMPIONSHIPS,Sunday,January 23rd,GB,CHI,1st Quarter,1,Green Bay Packers,1,1,0,Kickoff from CHI 30,,Kickoff,— R.Gould kicks 66 yards from CHI 30 to GB 4. J.Starks to GB 16 for 12 yards (B.Iwuh).
2010,CONFERENCE CHAMPIONSHIPS,Sunday,January 23rd,GB,CHI,1st Quarter,1,Green Bay Packers,1,2,0,22 Yard Pass,1st & 10 at GB 16,14:56 1st,— A.Rodgers pass deep right to G.Jennings to GB 38 for 22 yards (C.Harris).
2010,CONFERENCE CHAMPIONSHIPS,Sunday,January 23rd,GB,CHI,1st Quarter,1,Green Bay Packers,1,3,0,26 Yard Pass,1st & 10 at GB 38,14:20 1st,— A.Rodgers pass deep middle to G.Jennings to CHI 36 for 26 yards (B.Urlacher).
2010,CONFERENCE CHAMPIONSHIPS,Sunday,January 23rd,GB,CHI,1st Quarter,1,Green Bay Packers,1,4,0,6 Yard Run,1st & 10 at CHI 36,13:32 1st,"— J.Starks right end to CHI 30 for 6 yards (P.Tinoisamoa, D.Manning)."
2010,CONFERENCE CHAMPIONSHIPS,Sunday,January 23rd,GB,CHI,1st Quarter,1,Green Bay Packers,1,5,0,6 Yard Pass,2nd & 4 at CHI 30,12:48 1st Shotgun,— A.Rodgers pass short right to J.Starks pushed ob at CHI 24 for 6 yards (D.Moore).
2010,CONFERENCE CHAMPIONSHIPS,Sunday,January 23rd,GB,CHI,1st Quarter,1,Green Bay Packers,1,6,0,22 Yard Pass,1st & 10 at CHI 24,12:19 1st,— A.Rodgers pass deep right to J.Nelson to CHI 2 for 22 yards (T.Jennings).
2010,CONFERENCE CHAMPIONSHIPS,Sunday,January 23rd,GB,CHI,1st Quarter,1,Green Bay Packers,1,7,0,1 Yard Run,1st & 2 at CHI 2,11:34 1st,— J.Starks left tackle to CHI 1 for 1 yard (L.Briggs).
2010,CONFERENCE CHAMPIONSHIPS,Sunday,January 23rd,GB,CHI,1st Quarter,1,Green Bay Packers,1,8,1,Touchdown,2nd & 1 at CHI 1,10:56 1st,"— B.Raji reported in as eligible. A.Rodgers left end for 1 yard, TOUCHDOWN. GB-C.Clifton was injured during the play. His return is Questionable."
2010,CONFERENCE CHAMPIONSHIPS,Sunday,January 23rd,GB,CHI,1st Quarter,1,Green Bay Packers,1,9,1,Extra Point,,10:50 1st,"— M.Crosby extra point is GOOD, Center-B.Goode, Holder-T.Masthay."
2010,CONFERENCE CHAMPIONSHIPS,Sunday,January 23rd,GB,CHI,1st Quarter,2,Chicago Bears,0,1,0,Kickoff from GB 30,,Kickoff,— M.Crosby kicks 41 yards from GB 30 to CHI 29. K.Davis to CHI 37 for 8 yards (B.Swain).
2010,CONFERENCE CHAMPIONSHIPS,Sunday,January 23rd,GB,CHI,1st Quarter,2,Chicago Bears,0,2,0,2 Yard Run,1st & 10 at CHI 37,10:45 1st,— M.Forte right tackle to CHI 39 for 2 yards (D.Bishop).
2010,CONFERENCE CHAMPIONSHIPS,Sunday,January 23rd,GB,CHI,1st Quarter,2,Chicago Bears,0,3,0,24 Yard Pass,2nd & 8 at CHI 39,10:13 1st,— J.Cutler pass short middle to M.Forte to GB 37 for 24 yards (N.Collins).
2010,CONFERENCE CHAMPIONSHIPS,Sunday,January 23rd,GB,CHI,1st Quarter,2,Chicago Bears,0,4,0,2 Yard Run,1st & 10 at GB 37,09:30 1st,"— M.Forte right end to GB 35 for 2 yards (R.Pickett, C.Peprah)."
2010,CONFERENCE CHAMPIONSHIPS,Sunday,January 23rd,GB,CHI,1st Quarter,2,Chicago Bears,0,5,0,1 Yard Pass,2nd & 8 at GB 35,08:51 1st,— J.Cutler pass short middle to M.Forte to GB 34 for 1 yard (D.Bishop).
2010,CONFERENCE CHAMPIONSHIPS,Sunday,January 23rd,GB,CHI,1st Quarter,2,Chicago Bears,0,6,0,Pass Incomplete,3rd & 7 at GB 34,08:06 1st,— J.Cutler pass incomplete deep left to D.Hester.
2010,CONFERENCE CHAMPIONSHIPS,Sunday,January 23rd,GB,CHI,1st Quarter,2,Chicago Bears,0,7,0,Punt,4th & 7 at GB 34,08:00 1st,"— B.Maynard punts 24 yards to GB 10, Center-P.Mannelly, out of bounds."
2010,CONFERENCE CHAMPIONSHIPS,Sunday,January 23rd,GB,CHI,1st Quarter,3,Green Bay Packers,0,1,0,16 Yard Run,1st & 10 at GB 10,07:53 1st Shotgun,— J.Starks left end to GB 26 for 16 yards (C.Tillman).
2010,CONFERENCE CHAMPIONSHIPS,Sunday,January 23rd,GB,CHI,1st Quarter,3,Green Bay Packers,0,2,0,10 Yard Pass,1st & 10 at GB 26,07:13 1st Shotgun,— A.Rodgers pass short right to J.Jones to GB 36 for 10 yards (T.Jennings).
2010,CONFERENCE CHAMPIONSHIPS,Sunday,January 23rd,GB,CHI,1st Quarter,3,Green Bay Packers,0,3,0,1 Yard Run,1st & 10 at GB 36,06:33 1st,— J.Starks left guard to GB 37 for 1 yard (J.Peppers).
2010,CONFERENCE CHAMPIONSHIPS,Sunday,January 23rd,GB,CHI,1st Quarter,3,Green Bay Packers,0,4,0,10 Yard Run,2nd & 9 at GB 37,05:54 1st Shotgun,— B.Jackson left guard to GB 47 for 10 yards (D.Manning).
2010,CONFERENCE CHAMPIONSHIPS,Sunday,January 23rd,GB,CHI,1st Quarter,3,Green Bay Packers,0,5,0,Pass Incomplete,1st & 10 at GB 47,05:17 1st,— A.Rodgers pass incomplete deep left to G.Jennings [J.Peppers].
2010,CONFERENCE CHAMPIONSHIPS,Sunday,January 23rd,GB,CHI,1st Quarter,3,Green Bay Packers,0,6,0,Pass Incomplete,2nd & 10 at GB 47,05:10 1st Shotgun,— A.Rodgers pass incomplete deep right to J.Nelson.
2010,CONFERENCE CHAMPIONSHIPS,Sunday,January 23rd,GB,CHI,1st Quarter,3,Green Bay Packers,0,7,0,Pass Incomplete,3rd & 10 at GB 47,05:04 1st Shotgun,— A.Rodgers pass incomplete short right to J.Kuhn [I.Idonije].
2010,CONFERENCE CHAMPIONSHIPS,Sunday,January 23rd,GB,CHI,1st Quarter,3,Green Bay Packers,0,8,0,Punt,4th & 10 at GB 47,05:00 1st,"— T.Masthay punts 40 yards to CHI 13, Center-B.Goode. D.Hester to CHI 16 for 3 yards (M.Wilhelm)."
2010,CONFERENCE CHAMPIONSHIPS,Sunday,January 23rd,GB,CHI,1st Quarter,4,Chicago Bears,0,1,0,-5 Yard Penalty,1st & 10 at CHI 16,04:49 1st,"— PENALTY on CHI-C.Williams, False Start, 5 yards, enforced at CHI 16 - No Play."
2010,CONFERENCE CHAMPIONSHIPS,Sunday,January 23rd,GB,CHI,1st Quarter,4,Chicago Bears,0,2,0,3 Yard Run,1st & 15 at CHI 11,04:49 1st,— M.Forte left tackle to CHI 14 for 3 yards (C.Woodson).
2010,CONFERENCE CHAMPIONSHIPS,Sunday,January 23rd,GB,CHI,1st Quarter,4,Chicago Bears,0,3,0,6 Yard Run,2nd & 12 at CHI 14,04:12 1st,— M.Forte left end to CHI 20 for 6 yards (A.Hawk).
2010,CONFERENCE CHAMPIONSHIPS,Sunday,January 23rd,GB,CHI,1st Quarter,4,Chicago Bears,0,4,0,-5 Yard Sack,3rd & 6 at CHI 20,03:29 1st,— J.Cutler sacked at CHI 15 for -5 yards (sack split by C.Jenkins and C.Matthews).
2010,CONFERENCE CHAMPIONSHIPS,Sunday,January 23rd,GB,CHI,1st Quarter,4,Chicago Bears,0,5,0,Punt,4th & 11 at CHI 15,03:00 1st,"— B.Maynard punts 47 yards to GB 38, Center-P.Mannelly. T.Williams to GB 49 for 11 yards (P.Mannelly, J.Bullocks)."
2010,CONFERENCE CHAMPIONSHIPS,Sunday,January 23rd,GB,CHI,1st Quarter,5,Green Bay Packers,0,1,0,21 Yard Pass,1st & 10 at GB 49,02:48 1st,"— A.Rodgers pass deep left to G.Jennings to CHI 30 for 21 yards (M.Wright, C.Tillman)."
2010,CONFERENCE CHAMPIONSHIPS,Sunday,January 23rd,GB,CHI,1st Quarter,5,Green Bay Packers,0,2,0,2 Yard Run,1st & 10 at CHI 30,02:10 1st,— J.Starks right end ran ob at CHI 28 for 2 yards (B.Urlacher).
2010,CONFERENCE CHAMPIONSHIPS,Sunday,January 23rd,GB,CHI,1st Quarter,5,Green Bay Packers,0,3,0,1 Yard Run,2nd & 8 at CHI 28,01:40 1st,"— J.Starks right end to CHI 27 for 1 yard (C.Harris, T.Jennings)."
2010,CONFERENCE CHAMPIONSHIPS,Sunday,January 23rd,GB,CHI,1st Quarter,5,Green Bay Packers,0,4,0,-8 Yard Sack,3rd & 7 at CHI 27,00:58 1st Shotgun,— A.Rodgers sacked at CHI 35 for -8 yards (B.Urlacher).
2010,CONFERENCE CHAMPIONSHIPS,Sunday,January 23rd,GB,CHI,1st Quarter,5,Green Bay Packers,0,5,0,Punt,4th & 15 at CHI 35,00:32 1st,"— T.Masthay punts 32 yards to CHI 3, Center-B.Goode, downed by GB-B.Underwood. PENALTY on CHI-R.Wilson, Offensive Holding, 1 yard, enforced at CHI 3."
2010,CONFERENCE CHAMPIONSHIPS,Sunday,January 23rd,GB,CHI,2nd Quarter,1,Chicago Bears,0,1,0,2 Yard Run,1st & 10 at CHI 2,00:22 1st,— M.Forte left tackle to CHI 4 for 2 yards (A.Hawk).
2010,CONFERENCE CHAMPIONSHIPS,Sunday,January 23rd,GB,CHI,2nd Quarter,1,Chicago Bears,0,2,0,Pass Incomplete,2nd & 8 at CHI 4,15:00 2nd,— J.Cutler pass incomplete short middle to M.Forte [R.Pickett].
2010,CONFERENCE CHAMPIONSHIPS,Sunday,January 23rd,GB,CHI,2nd Quarter,1,Chicago Bears,0,3,0,-2 Yard Run,3rd & 8 at CHI 4,14:55 2nd,— M.Forte left end to CHI 2 for -2 yards (C.Jenkins).
2010,CONFERENCE CHAMPIONSHIPS,Sunday,January 23rd,GB,CHI,2nd Quarter,1,Chicago Bears,0,4,0,Punt,4th & 10 at CHI 2,14:19 2nd,"— B.Maynard punts 37 yards to CHI 39, Center-P.Mannelly. T.Williams MUFFS catch, and recovers at 50. T.Williams to CHI 44 for 6 yards (C.Graham)."
2010,CONFERENCE CHAMPIONSHIPS,Sunday,January 23rd,GB,CHI,2nd Quarter,2,Green Bay Packers,1,1,0,-5 Yard Penalty,1st & 10 at CHI 44,14:06 2nd,"— PENALTY on GB-Q.Johnson, False Start, 5 yards, enforced at CHI 44 - No Play."
2010,CONFERENCE CHAMPIONSHIPS,Sunday,January 23rd,GB,CHI,2nd Quarter,2,Green Bay Packers,1,2,0,2 Yard Run,1st & 15 at CHI 49,14:06 2nd,— J.Starks right end to CHI 47 for 2 yards (T.Jennings).
2010,CONFERENCE CHAMPIONSHIPS,Sunday,January 23rd,GB,CHI,2nd Quarter,2,Green Bay Packers,1,3,0,16 Yard Pass,2nd & 13 at CHI 47,13:25 2nd Shotgun,— A.Rodgers pass short middle to B.Jackson to CHI 31 for 16 yards (M.Wright).
2010,CONFERENCE CHAMPIONSHIPS,Sunday,January 23rd,GB,CHI,2nd Quarter,2,Green Bay Packers,1,4,0,12 Yard Run,1st & 10 at CHI 31,12:45 2nd,— J.Starks right guard to CHI 19 for 12 yards (M.Wright).
2010,CONFERENCE CHAMPIONSHIPS,Sunday,January 23rd,GB,CHI,2nd Quarter,2,Green Bay Packers,1,5,0,15 Yard Pass,1st & 10 at CHI 19,12:01 2nd,"— A.Rodgers pass short left to J.Nelson to CHI 4 for 15 yards (D.Moore, C.Tillman)."
2010,CONFERENCE CHAMPIONSHIPS,Sunday,January 23rd,GB,CHI,2nd Quarter,2,Green Bay Packers,1,6,1,Touchdown,1st & 4 at CHI 4,11:19 2nd,"— J.Starks right end for 4 yards, TOUCHDOWN."
2010,CONFERENCE CHAMPIONSHIPS,Sunday,January 23rd,GB,CHI,2nd Quarter,2,Green Bay Packers,1,7,1,Extra Point,,11:13 2nd,"— M.Crosby extra point is GOOD, Center-B.Goode, Holder-T.Masthay."
2010,CONFERENCE CHAMPIONSHIPS,Sunday,January 23rd,GB,CHI,2nd Quarter,3,Chicago Bears,0,1,0,Kickoff from GB 30,,Kickoff,— M.Crosby kicks 51 yards from GB 30 to CHI 19. D.Manning to CHI 34 for 15 yards (J.Bush).
2010,CONFERENCE CHAMPIONSHIPS,Sunday,January 23rd,GB,CHI,2nd Quarter,3,Chicago Bears,0,2,0,24 Yard Pass,1st & 10 at CHI 34,11:08 2nd,— J.Cutler pass deep left to J.Knox pushed ob at GB 42 for 24 yards (N.Collins).
2010,CONFERENCE CHAMPIONSHIPS,Sunday,January 23rd,GB,CHI,2nd Quarter,3,Chicago Bears,0,3,0,Pass Incomplete,1st & 10 at GB 42,10:38 2nd,— J.Cutler pass incomplete short right to D.Hester.
2010,CONFERENCE CHAMPIONSHIPS,Sunday,January 23rd,GB,CHI,2nd Quarter,3,Chicago Bears,0,4,0,12 Yard Pass,2nd & 10 at GB 42,10:33 2nd,— J.Cutler pass short right to C.Taylor to GB 30 for 12 yards (C.Woodson).
2010,CONFERENCE CHAMPIONSHIPS,Sunday,January 23rd,GB,CHI,2nd Quarter,3,Chicago Bears,0,5,0,Pass Incomplete,1st & 10 at GB 30,09:50 2nd,— J.Cutler pass incomplete deep right to D.Hester.
2010,CONFERENCE CHAMPIONSHIPS,Sunday,January 23rd,GB,CHI,2nd Quarter,3,Chicago Bears,0,6,0,Timeout,,09:44 2nd,— Timeout #1 by CHI at 09:44.
2010,CONFERENCE CHAMPIONSHIPS,Sunday,January 23rd,GB,CHI,2nd Quarter,3,Chicago Bears,0,7,0,-11 Yard Penalty,2nd & 10 at GB 30,09:44 2nd Shotgun,"— J.Cutler pass short middle to R.Davis to GB 17 for 13 yards (C.Matthews). PENALTY on CHI-C.Taylor, Offensive Holding, 11 yards, enforced at GB 30 - No Play."
2010,CONFERENCE CHAMPIONSHIPS,Sunday,January 23rd,GB,CHI,2nd Quarter,3,Chicago Bears,0,8,0,9 Yard Run,2nd & 21 at GB 41,09:17 2nd,— J.Cutler scrambles left end to GB 32 for 9 yards (E.Walden).
2010,CONFERENCE CHAMPIONSHIPS,Sunday,January 23rd,GB,CHI,2nd Quarter,3,Chicago Bears,0,9,0,1 Yard Run,3rd & 12 at GB 32,08:31 2nd,— J.Cutler scrambles right end to GB 31 for 1 yard (E.Walden).
2010,CONFERENCE CHAMPIONSHIPS,Sunday,January 23rd,GB,CHI,2nd Quarter,3,Chicago Bears,0,10,0,Punt,4th & 11 at GB 31,07:48 2nd,"— B.Maynard punts 31 yards to end zone, Center-P.Mannelly, Touchback."
2010,CONFERENCE CHAMPIONSHIPS,Sunday,January 23rd,GB,CHI,2nd Quarter,4,Green Bay Packers,0,1,0,10 Yard Run,1st & 10 at GB 20,07:40 2nd,— J.Starks right tackle to GB 30 for 10 yards (M.Wright).
2010,CONFERENCE CHAMPIONSHIPS,Sunday,January 23rd,GB,CHI,2nd Quarter,4,Green Bay Packers,0,2,0,25 Yard Run,1st & 10 at GB 30,07:00 2nd,— A.Rodgers scrambles left tackle ran ob at CHI 45 for 25 yards (L.Briggs).
2010,CONFERENCE CHAMPIONSHIPS,Sunday,January 23rd,GB,CHI,2nd Quarter,4,Green Bay Packers,0,3,0,0 Yard Run,1st & 10 at CHI 45,06:29 2nd,— J.Starks right end to CHI 45 for no gain (P.Tinoisamoa).
2010,CONFERENCE CHAMPIONSHIPS,Sunday,January 23rd,GB,CHI,2nd Quarter,4,Green Bay Packers,0,4,0,9 Yard Pass,2nd & 10 at CHI 45,05:47 2nd Shotgun,— A.Rodgers pass short right to G.Jennings to CHI 36 for 9 yards (B.Urlacher).
2010,CONFERENCE CHAMPIONSHIPS,Sunday,January 23rd,GB,CHI,2nd Quarter,4,Green Bay Packers,0,5,0,Timeout,,05:02 2nd,— Timeout #1 by GB at 05:02.
2010,CONFERENCE CHAMPIONSHIPS,Sunday,January 23rd,GB,CHI,2nd Quarter,4,Green Bay Packers,0,6,0,0 Yard Run,3rd & 1 at CHI 36,05:02 2nd,— J.Starks right tackle to CHI 36 for no gain (L.Briggs).
2010,CONFERENCE CHAMPIONSHIPS,Sunday,January 23rd,GB,CHI,2nd Quarter,4,Green Bay Packers,0,7,0,Punt,4th & 1 at CHI 36,04:29 2nd,"— T.Masthay punts 25 yards to CHI 11, Center-B.Goode, downed by GB-B.Underwood."
2010,CONFERENCE CHAMPIONSHIPS,Sunday,January 23rd,GB,CHI,2nd Quarter,5,Chicago Bears,0,1,0,Pass Incomplete,1st & 10 at CHI 11,04:17 2nd,— J.Cutler pass incomplete short right to M.Forte.
2010,CONFERENCE CHAMPIONSHIPS,Sunday,January 23rd,GB,CHI,2nd Quarter,5,Chicago Bears,0,2,0,5 Yard Penalty,2nd & 10 at CHI 11,04:11 2nd,"— J.Cutler pass incomplete short left to G.Olsen [H.Green]. PENALTY on GB-T.Williams, Defensive Holding, 5 yards, enforced at CHI 11 - No Play."
2010,CONFERENCE CHAMPIONSHIPS,Sunday,January 23rd,GB,CHI,2nd Quarter,5,Chicago Bears,0,3,0,Pass Incomplete,1st & 10 at CHI 16,04:06 2nd,— J.Cutler pass incomplete deep right to G.Olsen.
2010,CONFERENCE CHAMPIONSHIPS,Sunday,January 23rd,GB,CHI,2nd Quarter,5,Chicago Bears,0,4,0,14 Yard Run,2nd & 10 at CHI 16,03:59 2nd,— M.Forte left guard to CHI 30 for 14 yards (N.Collins).
2010,CONFERENCE CHAMPIONSHIPS,Sunday,January 23rd,GB,CHI,2nd Quarter,5,Chicago Bears,0,5,0,1 Yard Run,1st & 10 at CHI 30,03:25 2nd,— M.Forte left end to CHI 31 for 1 yard (D.Bishop).
2010,CONFERENCE CHAMPIONSHIPS,Sunday,January 23rd,GB,CHI,2nd Quarter,5,Chicago Bears,0,6,0,2 Yard Pass,2nd & 9 at CHI 31,02:46 2nd,— J.Cutler pass short middle to M.Forte to CHI 33 for 2 yards (C.Matthews).
2010,CONFERENCE CHAMPIONSHIPS,Sunday,January 23rd,GB,CHI,2nd Quarter,5,Chicago Bears,0,7,0,-10 Yard Sack,3rd & 7 at CHI 33,02:00 2nd,"— J.Cutler sacked at CHI 25 for -8 yards (S.Shields). FUMBLES (S.Shields), recovered by CHI-M.Forte at CHI 23."
2010,CONFERENCE CHAMPIONSHIPS,Sunday,January 23rd,GB,CHI,2nd Quarter,5,Chicago Bears,0,8,0,Timeout,,01:52 2nd,— Timeout #2 by GB at 01:52.
2010,CONFERENCE CHAMPIONSHIPS,Sunday,January 23rd,GB,CHI,2nd Quarter,5,Chicago Bears,0,9,0,Punt,4th & 17 at CHI 23,01:52 2nd,"— B.Maynard punts 41 yards to GB 36, Center-P.Mannelly, out of bounds."
2010,CONFERENCE CHAMPIONSHIPS,Sunday,January 23rd,GB,CHI,2nd Quarter,6,Green Bay Packers,0,1,0,12 Yard Run,1st & 10 at GB 36,01:44 2nd Shotgun,— A.Rodgers scrambles left end ran ob at GB 48 for 12 yards (B.Urlacher).
2010,CONFERENCE CHAMPIONSHIPS,Sunday,January 23rd,GB,CHI,2nd Quarter,6,Green Bay Packers,0,2,0,Pass Incomplete,1st & 10 at GB 48,01:38 2nd Shotgun,— A.Rodgers pass incomplete short right to G.Jennings.
2010,CONFERENCE CHAMPIONSHIPS,Sunday,January 23rd,GB,CHI,2nd Quarter,6,Green Bay Packers,0,3,0,9 Yard Pass,2nd & 10 at GB 48,01:34 2nd Shotgun,— A.Rodgers pass short middle to D.Driver to CHI 43 for 9 yards (D.Moore).
2010,CONFERENCE CHAMPIONSHIPS,Sunday,January 23rd,GB,CHI,2nd Quarter,6,Green Bay Packers,0,4,0,2 Yard Run,3rd & 1 at CHI 43,01:14 2nd No Huddle,— A.Rodgers left guard to CHI 41 for 2 yards (H.Melton).
2010,CONFERENCE CHAMPIONSHIPS,Sunday,January 23rd,GB,CHI,2nd Quarter,6,Green Bay Packers,0,5,0,Interception,1st & 10 at CHI 41,"00:53 2nd No Huddle, Shotgun",— A.Rodgers pass short left intended for D.Driver INTERCEPTED by L.Briggs at CHI 38. L.Briggs to CHI 42 for 4 yards (D.Driver).
2010,CONFERENCE CHAMPIONSHIPS,Sunday,January 23rd,GB,CHI,2nd Quarter,7,Chicago Bears,0,1,0,17 Yard Pass,1st & 10 at CHI 42,00:49 2nd,— J.Cutler pass short middle to M.Forte pushed ob at GB 41 for 17 yards (S.Shields).
2010,CONFERENCE CHAMPIONSHIPS,Sunday,January 23rd,GB,CHI,2nd Quarter,7,Chicago Bears,0,2,0,Interception,1st & 10 at GB 41,00:42 2nd,— J.Cutler pass deep left intended for J.Knox INTERCEPTED by S.Shields at GB 3. S.Shields to GB 11 for 8 yards (E.Bennett). CHI-J.Cutler was injured during the play. His return is Questionable. Play Challenged by Replay Assistant and Upheld.
2010,CONFERENCE CHAMPIONSHIPS,Sunday,January 23rd,GB,CHI,2nd Quarter,8,Green Bay Packers,0,1,0,-1 Yard Run,1st & 10 at GB 11,00:32 2nd,— A.Rodgers kneels to GB 10 for -1 yards.
2010,CONFERENCE CHAMPIONSHIPS,Sunday,January 23rd,GB,CHI,3rd Quarter,1,Chicago Bears,0,1,0,Kickoff from GB 30,,Kickoff,— M.Crosby kicks 54 yards from GB 30 to CHI 16. D.Hester pushed ob at CHI 40 for 24 yards (N.Collins).
2010,CONFERENCE CHAMPIONSHIPS,Sunday,January 23rd,GB,CHI,3rd Quarter,1,Chicago Bears,0,2,0,5 Yard Run,1st & 10 at CHI 40,14:52 3rd,— M.Forte right guard to CHI 45 for 5 yards (C.Matthews).
2010,CONFERENCE CHAMPIONSHIPS,Sunday,January 23rd,GB,CHI,3rd Quarter,1,Chicago Bears,0,3,0,1 Yard Run,2nd & 5 at CHI 45,14:21 3rd,"— M.Forte right guard to CHI 46 for 1 yard (B.Raji, D.Bishop)."
2010,CONFERENCE CHAMPIONSHIPS,Sunday,January 23rd,GB,CHI,3rd Quarter,1,Chicago Bears,0,4,0,Pass Incomplete,3rd & 4 at CHI 46,13:40 3rd,— J.Cutler pass incomplete short right to M.Forte.
2010,CONFERENCE CHAMPIONSHIPS,Sunday,January 23rd,GB,CHI,3rd Quarter,1,Chicago Bears,0,5,0,Punt,4th & 4 at CHI 46,13:32 3rd,"— B.Maynard punts 37 yards to GB 17, Center-P.Mannelly, downed by CHI-C.Graham."
2010,CONFERENCE CHAMPIONSHIPS,Sunday,January 23rd,GB,CHI,3rd Quarter,2,Green Bay Packers,0,1,0,Pass Incomplete,1st & 10 at GB 17,13:22 3rd,— A.Rodgers pass incomplete deep left to G.Jennings.
2010,CONFERENCE CHAMPIONSHIPS,Sunday,January 23rd,GB,CHI,3rd Quarter,2,Green Bay Packers,0,2,0,2 Yard Run,2nd & 10 at GB 17,13:15 3rd,"— J.Starks right guard to GB 19 for 2 yards (C.Harris, I.Idonije)."
2010,CONFERENCE CHAMPIONSHIPS,Sunday,January 23rd,GB,CHI,3rd Quarter,2,Green Bay Packers,0,3,0,21 Yard Pass,3rd & 8 at GB 19,12:35 3rd Shotgun,— A.Rodgers pass deep middle to J.Nelson to GB 40 for 21 yards (D.Manning).
2010,CONFERENCE CHAMPIONSHIPS,Sunday,January 23rd,GB,CHI,3rd Quarter,2,Green Bay Packers,0,4,0,20 Yard Pass,1st & 10 at GB 40,11:55 3rd,— A.Rodgers pass short right to G.Jennings to CHI 40 for 20 yards (M.Wright).
2010,CONFERENCE CHAMPIONSHIPS,Sunday,January 23rd,GB,CHI,3rd Quarter,2,Green Bay Packers,0,5,0,9 Yard Run,1st & 10 at CHI 40,11:16 3rd Shotgun,— J.Starks right end to CHI 31 for 9 yards (D.Manning).
2010,CONFERENCE CHAMPIONSHIPS,Sunday,January 23rd,GB,CHI,3rd Quarter,2,Green Bay Packers,0,6,0,0 Yard Run,2nd & 1 at CHI 31,10:35 3rd,— J.Starks right end to CHI 31 for no gain (B.Urlacher).
2010,CONFERENCE CHAMPIONSHIPS,Sunday,January 23rd,GB,CHI,3rd Quarter,2,Green Bay Packers,0,7,0,23 Yard Penalty,3rd & 1 at CHI 31,09:55 3rd Shotgun,"— A.Rodgers pass incomplete deep right to J.Jones. PENALTY on CHI-T.Jennings, Defensive Pass Interference, 23 yards, enforced at CHI 31 - No Play."
2010,CONFERENCE CHAMPIONSHIPS,Sunday,January 23rd,GB,CHI,3rd Quarter,2,Green Bay Packers,0,8,0,2 Yard Run,1st & 8 at CHI 8,09:48 3rd Shotgun,— J.Starks right guard to CHI 6 for 2 yards (J.Peppers).
2010,CONFERENCE CHAMPIONSHIPS,Sunday,January 23rd,GB,CHI,3rd Quarter,2,Green Bay Packers,0,9,0,Pass Incomplete,2nd & 6 at CHI 6,09:08 3rd,— A.Rodgers pass incomplete short left to D.Driver.
2010,CONFERENCE CHAMPIONSHIPS,Sunday,January 23rd,GB,CHI,3rd Quarter,2,Green Bay Packers,0,10,0,Interception,3rd & 6 at CHI 6,09:02 3rd Shotgun,— A.Rodgers pass short left intended for D.Driver INTERCEPTED by B.Urlacher at CHI 6. B.Urlacher to CHI 45 for 39 yards (A.Rodgers).
2010,CONFERENCE CHAMPIONSHIPS,Sunday,January 23rd,GB,CHI,3rd Quarter,3,Chicago Bears,0,1,0,Pass Incomplete,1st & 10 at CHI 45,08:50 3rd,— #10 Todd Collins in at QB T.Collins pass incomplete deep middle to K.Davis.
2010,CONFERENCE CHAMPIONSHIPS,Sunday,January 23rd,GB,CHI,3rd Quarter,3,Chicago Bears,0,2,0,-5 Yard Penalty,2nd & 10 at CHI 45,08:44 3rd,"— PENALTY on CHI-F.Omiyale, False Start, 5 yards, enforced at CHI 45 - No Play."
2010,CONFERENCE CHAMPIONSHIPS,Sunday,January 23rd,GB,CHI,3rd Quarter,3,Chicago Bears,0,3,0,Pass Incomplete,2nd & 15 at CHI 40,08:44 3rd,— T.Collins pass incomplete short left to G.Olsen [C.Jenkins].
2010,CONFERENCE CHAMPIONSHIPS,Sunday,January 23rd,GB,CHI,3rd Quarter,3,Chicago Bears,0,4,0,Pass Incomplete,3rd & 15 at CHI 40,08:40 3rd Shotgun,— T.Collins pass deep middle intended for E.Bennett INTERCEPTED by N.Collins at GB 44. N.Collins to GB 44 for no gain (E.Bennett). Play Challenged by CHI and REVERSED. (Shotgun) T.Collins pass incomplete deep middle to E.Bennett.
2010,CONFERENCE CHAMPIONSHIPS,Sunday,January 23rd,GB,CHI,3rd Quarter,3,Chicago Bears,0,5,0,Punt,4th & 15 at CHI 40,08:35 3rd,"— B.Maynard punts 39 yards to GB 21, Center-P.Mannelly, downed by CHI-G.Wolfe."
2010,CONFERENCE CHAMPIONSHIPS,Sunday,January 23rd,GB,CHI,3rd Quarter,4,Green Bay Packers,0,1,0,-7 Yard Run,1st & 10 at GB 21,08:26 3rd,"— J.Starks left guard to GB 29 for 8 yards (C.Harris). PENALTY on GB-S.Wells, Offensive Holding, 10 yards, enforced at GB 24."
2010,CONFERENCE CHAMPIONSHIPS,Sunday,January 23rd,GB,CHI,3rd Quarter,4,Green Bay Packers,0,2,0,1 Yard Pass,1st & 17 at GB 14,07:58 3rd,— A.Rodgers pass short right to G.Jennings to GB 15 for 1 yard (D.Moore).
2010,CONFERENCE CHAMPIONSHIPS,Sunday,January 23rd,GB,CHI,3rd Quarter,4,Green Bay Packers,0,3,0,22 Yard Pass,2nd & 16 at GB 15,07:18 3rd Shotgun,— A.Rodgers pass deep middle to G.Jennings to GB 37 for 22 yards (D.Manning).
2010,CONFERENCE CHAMPIONSHIPS,Sunday,January 23rd,GB,CHI,3rd Quarter,4,Green Bay Packers,0,4,0,2 Yard Run,1st & 10 at GB 37,06:42 3rd,— J.Starks right guard to GB 39 for 2 yards (H.Melton).
2010,CONFERENCE CHAMPIONSHIPS,Sunday,January 23rd,GB,CHI,3rd Quarter,4,Green Bay Packers,0,5,0,-10 Yard Penalty,2nd & 8 at GB 39,05:59 3rd Shotgun,"— A.Rodgers left guard to GB 39 for no gain (D.Moore). PENALTY on GB-C.Clifton, Offensive Holding, 10 yards, enforced at GB 39 - No Play."
2010,CONFERENCE CHAMPIONSHIPS,Sunday,January 23rd,GB,CHI,3rd Quarter,4,Green Bay Packers,0,6,0,9 Yard Pass,2nd & 18 at GB 29,05:34 3rd Shotgun,— A.Rodgers pass short right to J.Nelson to GB 38 for 9 yards (T.Jennings).
2010,CONFERENCE CHAMPIONSHIPS,Sunday,January 23rd,GB,CHI,3rd Quarter,4,Green Bay Packers,0,7,0,Pass Incomplete,3rd & 9 at GB 38,04:49 3rd Shotgun,— A.Rodgers pass incomplete short right to D.Driver.
2010,CONFERENCE CHAMPIONSHIPS,Sunday,January 23rd,GB,CHI,3rd Quarter,4,Green Bay Packers,0,8,0,Punt,4th & 9 at GB 38,04:39 3rd,"— T.Masthay punts 46 yards to CHI 16, Center-B.Goode. D.Hester to CHI 18 for 2 yards (B.Underwood)."
2010,CONFERENCE CHAMPIONSHIPS,Sunday,January 23rd,GB,CHI,3rd Quarter,5,Chicago Bears,0,1,0,0 Yard Run,1st & 10 at CHI 18,04:29 3rd,— M.Forte left guard to CHI 18 for no gain (R.Pickett).
2010,CONFERENCE CHAMPIONSHIPS,Sunday,January 23rd,GB,CHI,3rd Quarter,5,Chicago Bears,0,2,0,8 Yard Run,2nd & 10 at CHI 18,03:55 3rd,— M.Forte right end to CHI 26 for 8 yards (R.Francois).
2010,CONFERENCE CHAMPIONSHIPS,Sunday,January 23rd,GB,CHI,3rd Quarter,5,Chicago Bears,0,3,0,Pass Incomplete,3rd & 2 at CHI 26,03:16 3rd,— T.Collins pass incomplete short right to J.Knox [B.Raji].
2010,CONFERENCE CHAMPIONSHIPS,Sunday,January 23rd,GB,CHI,3rd Quarter,5,Chicago Bears,0,4,0,Punt,4th & 2 at CHI 26,03:10 3rd,"— B.Maynard punts 43 yards to GB 31, Center-P.Mannelly. T.Williams to GB 31 for no gain (C.Graham, N.Roach). FUMBLES (C.Graham), recovered by GB-B.Swain at GB 27. B.Swain to GB 27 for no gain (Team). PENALTY on CHI-P.Tinoisamoa, Ineligible Downfield Kick, 5 yards, enforced at GB 27."
2010,CONFERENCE CHAMPIONSHIPS,Sunday,January 23rd,GB,CHI,3rd Quarter,6,Green Bay Packers,0,1,0,2 Yard Run,1st & 10 at GB 32,02:59 3rd Shotgun,"— J.Kuhn left guard to GB 34 for 2 yards (B.Urlacher, L.Briggs)."
2010,CONFERENCE CHAMPIONSHIPS,Sunday,January 23rd,GB,CHI,3rd Quarter,6,Green Bay Packers,0,2,0,-5 Yard Run,2nd & 8 at GB 34,02:16 3rd,— B.Jackson right end to GB 29 for -5 yards (B.Urlacher).
2010,CONFERENCE CHAMPIONSHIPS,Sunday,January 23rd,GB,CHI,3rd Quarter,6,Green Bay Packers,0,3,0,Pass Incomplete,3rd & 13 at GB 29,01:35 3rd Shotgun,— A.Rodgers pass incomplete short left to A.Quarless [T.Harris].
2010,CONFERENCE CHAMPIONSHIPS,Sunday,January 23rd,GB,CHI,3rd Quarter,6,Green Bay Packers,0,4,0,Punt,4th & 18 at GB 24,01:13 3rd,"— T.Masthay punts 65 yards to CHI 11, Center-B.Goode. E.Bennett to CHI 33 for 22 yards (R.Francois, J.Kuhn)."
2010,CONFERENCE CHAMPIONSHIPS,Sunday,January 23rd,GB,CHI,4th Quarter,1,Chicago Bears,1,1,0,11 Yard Run,1st & 10 at CHI 33,00:57 3rd,— #12 Caleb Hanie in at QB. M.Forte right tackle to CHI 44 for 11 yards (C.Peprah).
2010,CONFERENCE CHAMPIONSHIPS,Sunday,January 23rd,GB,CHI,4th Quarter,1,Chicago Bears,1,2,0,4 Yard Run,1st & 10 at CHI 44,00:20 3rd,— M.Forte right tackle to CHI 48 for 4 yards (R.Pickett).
2010,CONFERENCE CHAMPIONSHIPS,Sunday,January 23rd,GB,CHI,4th Quarter,1,Chicago Bears,1,3,0,8 Yard Pass,2nd & 6 at CHI 48,15:00 4th,— C.Hanie pass short right to M.Forte pushed ob at GB 44 for 8 yards (D.Bishop).
2010,CONFERENCE CHAMPIONSHIPS,Sunday,January 23rd,GB,CHI,4th Quarter,1,Chicago Bears,1,4,0,3 Yard Run,1st & 10 at GB 44,14:29 4th,— C.Hanie scrambles right end to GB 41 for 3 yards (A.Hawk).
2010,CONFERENCE CHAMPIONSHIPS,Sunday,January 23rd,GB,CHI,4th Quarter,1,Chicago Bears,1,5,0,11 Yard Run,2nd & 7 at GB 41,13:47 4th,— M.Forte right tackle pushed ob at GB 30 for 11 yards (N.Collins).
2010,CONFERENCE CHAMPIONSHIPS,Sunday,January 23rd,GB,CHI,4th Quarter,1,Chicago Bears,1,6,0,-3 Yard Run,1st & 10 at GB 30,13:14 4th,— C.Taylor right tackle to GB 33 for -3 yards (C.Matthews).
2010,CONFERENCE CHAMPIONSHIPS,Sunday,January 23rd,GB,CHI,4th Quarter,1,Chicago Bears,1,7,0,32 Yard Pass,2nd & 13 at GB 33,12:35 4th,— C.Hanie pass short right to J.Knox pushed ob at GB 1 for 32 yards (N.Collins).
2010,CONFERENCE CHAMPIONSHIPS,Sunday,January 23rd,GB,CHI,4th Quarter,1,Chicago Bears,1,8,1,Touchdown,1st & 1 at GB 1,12:05 4th,"— K.Shaffer reported in as eligible. C.Taylor right tackle for 1 yard, TOUCHDOWN."
2010,CONFERENCE CHAMPIONSHIPS,Sunday,January 23rd,GB,CHI,4th Quarter,1,Chicago Bears,1,9,1,Extra Point,,12:02 4th,"— R.Gould extra point is GOOD, Center-P.Mannelly, Holder-B.Maynard."
2010,CONFERENCE CHAMPIONSHIPS,Sunday,January 23rd,GB,CHI,4th Quarter,2,Green Bay Packers,0,1,0,Kickoff from CHI 30,,Kickoff,— R.Gould kicks 64 yards from CHI 30 to GB 6. J.Starks to GB 24 for 18 yards (M.Wright).
2010,CONFERENCE CHAMPIONSHIPS,Sunday,January 23rd,GB,CHI,4th Quarter,2,Green Bay Packers,0,2,0,1 Yard Run,1st & 10 at GB 24,11:55 4th,"— J.Starks left tackle to GB 25 for 1 yard (C.Harris, B.Urlacher)."
2010,CONFERENCE CHAMPIONSHIPS,Sunday,January 23rd,GB,CHI,4th Quarter,2,Green Bay Packers,0,3,0,14 Yard Penalty,2nd & 9 at GB 25,11:14 4th,"— A.Rodgers pass incomplete deep right to G.Jennings [J.Peppers]. PENALTY on CHI-J.Peppers, Roughing the Passer, 14 yards, enforced at GB 25 - No Play."
2010,CONFERENCE CHAMPIONSHIPS,Sunday,January 23rd,GB,CHI,4th Quarter,2,Green Bay Packers,0,4,0,-5 Yard Penalty,1st & 10 at GB 39,11:08 4th,"— PENALTY on GB-D.Lee, False Start, 5 yards, enforced at GB 39 - No Play."
2010,CONFERENCE CHAMPIONSHIPS,Sunday,January 23rd,GB,CHI,4th Quarter,2,Green Bay Packers,0,5,0,15 Yard Penalty,1st & 15 at GB 34,11:08 4th,"— A.Rodgers pass incomplete short right to D.Driver. PENALTY on CHI-T.Jennings, Defensive Pass Interference, 15 yards, enforced at GB 34 - No Play."
2010,CONFERENCE CHAMPIONSHIPS,Sunday,January 23rd,GB,CHI,4th Quarter,2,Green Bay Packers,0,6,0,6 Yard Pass,1st & 10 at GB 49,11:03 4th,"— A.Rodgers pass short right to J.Kuhn to CHI 45 for 6 yards (D.Moore, I.Idonije)."
2010,CONFERENCE CHAMPIONSHIPS,Sunday,January 23rd,GB,CHI,4th Quarter,2,Green Bay Packers,0,7,0,2 Yard Run,2nd & 4 at CHI 45,10:20 4th,— J.Starks right guard to CHI 43 for 2 yards (B.Urlacher).
2010,CONFERENCE CHAMPIONSHIPS,Sunday,January 23rd,GB,CHI,4th Quarter,2,Green Bay Packers,0,8,0,Pass Incomplete,3rd & 2 at CHI 43,09:36 4th Shotgun,— A.Rodgers pass incomplete short right to A.Quarless.
2010,CONFERENCE CHAMPIONSHIPS,Sunday,January 23rd,GB,CHI,4th Quarter,2,Green Bay Packers,0,9,0,Punt,4th & 2 at CHI 43,09:32 4th,"— T.Masthay punts 43 yards to end zone, Center-B.Goode, Touchback."
2010,CONFERENCE CHAMPIONSHIPS,Sunday,January 23rd,GB,CHI,4th Quarter,3,Chicago Bears,0,1,0,0 Yard Run,1st & 10 at CHI 20,09:19 4th,— M.Forte left end to CHI 20 for no gain (A.Hawk).
2010,CONFERENCE CHAMPIONSHIPS,Sunday,January 23rd,GB,CHI,4th Quarter,3,Chicago Bears,0,2,0,Pass Incomplete,2nd & 10 at CHI 20,08:40 4th,— C.Hanie pass incomplete short right to E.Bennett [B.Raji].
2010,CONFERENCE CHAMPIONSHIPS,Sunday,January 23rd,GB,CHI,4th Quarter,3,Chicago Bears,0,3,0,Pass Incomplete,3rd & 10 at CHI 20,08:34 4th,— C.Hanie pass incomplete short left to J.Knox.
2010,CONFERENCE CHAMPIONSHIPS,Sunday,January 23rd,GB,CHI,4th Quarter,3,Chicago Bears,0,4,0,Punt,4th & 10 at CHI 20,08:29 4th,"— B.Maynard punts 24 yards to CHI 44, Center-P.Mannelly, downed by CHI-B.Iwuh."
2010,CONFERENCE CHAMPIONSHIPS,Sunday,January 23rd,GB,CHI,4th Quarter,4,Green Bay Packers,0,1,0,Pass Incomplete,1st & 10 at CHI 44,08:22 4th,— A.Rodgers pass incomplete short left to A.Quarless.
2010,CONFERENCE CHAMPIONSHIPS,Sunday,January 23rd,GB,CHI,4th Quarter,4,Green Bay Packers,0,2,0,9 Yard Pass,2nd & 10 at CHI 44,08:16 4th,— A.Rodgers pass short left to G.Jennings to CHI 35 for 9 yards (C.Tillman).
2010,CONFERENCE CHAMPIONSHIPS,Sunday,January 23rd,GB,CHI,4th Quarter,4,Green Bay Packers,0,3,0,Pass Incomplete,3rd & 1 at CHI 35,07:36 4th,— A.Rodgers pass incomplete short right to T.Crabtree.
2010,CONFERENCE CHAMPIONSHIPS,Sunday,January 23rd,GB,CHI,4th Quarter,4,Green Bay Packers,0,4,0,Punt,4th & 1 at CHI 35,07:31 4th,"— T.Masthay punts 25 yards to CHI 10, Center-B.Goode, out of bounds."
2010,CONFERENCE CHAMPIONSHIPS,Sunday,January 23rd,GB,CHI,4th Quarter,5,Green Bay Packers,1,1,0,2 Yard Run,1st & 10 at CHI 10,07:22 4th,"— M.Forte right tackle to CHI 12 for 2 yards (R.Pickett, A.Hawk)."
2010,CONFERENCE CHAMPIONSHIPS,Sunday,January 23rd,GB,CHI,4th Quarter,5,Green Bay Packers,1,2,0,3 Yard Pass,2nd & 8 at CHI 12,06:47 4th,— C.Hanie pass short left to E.Bennett to CHI 15 for 3 yards (C.Woodson).
2010,CONFERENCE CHAMPIONSHIPS,Sunday,January 23rd,GB,CHI,4th Quarter,5,Green Bay Packers,1,3,0,Timeout,,06:12 4th,— Timeout #1 by CHI at 06:12.
2010,CONFERENCE CHAMPIONSHIPS,Sunday,January 23rd,GB,CHI,4th Quarter,5,Green Bay Packers,1,4,1,Touchdown,3rd & 5 at CHI 15,06:12 4th,"— C.Hanie pass short left intended for M.Forte INTERCEPTED by B.Raji at CHI 18. B.Raji for 18 yards, TOUCHDOWN."
2010,CONFERENCE CHAMPIONSHIPS,Sunday,January 23rd,GB,CHI,4th Quarter,6,Chicago Bears,1,1,0,Kickoff from GB 30,,Kickoff,— M.Crosby kicks 46 yards from GB 30 to CHI 24. R.Davis to CHI 40 for 16 yards (J.Kuhn).
2010,CONFERENCE CHAMPIONSHIPS,Sunday,January 23rd,GB,CHI,4th Quarter,6,Chicago Bears,1,2,0,13 Yard Pass,1st & 10 at CHI 40,05:59 4th,— C.Hanie pass short middle to G.Olsen to GB 47 for 13 yards (D.Bishop).
2010,CONFERENCE CHAMPIONSHIPS,Sunday,January 23rd,GB,CHI,4th Quarter,6,Chicago Bears,1,3,0,7 Yard Pass,1st & 10 at GB 47,"05:34 4th No Huddle, Shotgun",— C.Hanie pass short middle to E.Bennett to GB 40 for 7 yards (C.Peprah).
2010,CONFERENCE CHAMPIONSHIPS,Sunday,January 23rd,GB,CHI,4th Quarter,6,Chicago Bears,1,4,0,5 Yard Pass,2nd & 3 at GB 40,"05:14 4th No Huddle, Shotgun",— C.Hanie pass short middle to M.Forte to GB 35 for 5 yards (C.Matthews).
2010,CONFERENCE CHAMPIONSHIPS,Sunday,January 23rd,GB,CHI,4th Quarter,6,Chicago Bears,1,5,1,Touchdown,1st & 10 at GB 35,"04:53 4th No Huddle, Shotgun","— C.Hanie pass short left to E.Bennett for 35 yards, TOUCHDOWN."
2010,CONFERENCE CHAMPIONSHIPS,Sunday,January 23rd,GB,CHI,4th Quarter,6,Chicago Bears,1,6,1,Extra Point,,04:43 4th,"— R.Gould extra point is GOOD, Center-P.Mannelly, Holder-B.Maynard."
2010,CONFERENCE CHAMPIONSHIPS,Sunday,January 23rd,GB,CHI,4th Quarter,7,Green Bay Packers,0,1,0,Kickoff from CHI 30,,Kickoff,— R.Gould kicks 59 yards from CHI 30 to GB 11. C.Woodson to GB 25 for 14 yards (G.Wolfe).
2010,CONFERENCE CHAMPIONSHIPS,Sunday,January 23rd,GB,CHI,4th Quarter,7,Green Bay Packers,0,2,0,0 Yard Run,1st & 10 at GB 25,04:38 4th,— J.Starks right end to GB 25 for no gain (C.Tillman).
2010,CONFERENCE CHAMPIONSHIPS,Sunday,January 23rd,GB,CHI,4th Quarter,7,Green Bay Packers,0,3,0,-2 Yard Run,2nd & 10 at GB 25,03:55 4th,— J.Starks right end pushed ob at GB 23 for -2 yards (D.Manning).
2010,CONFERENCE CHAMPIONSHIPS,Sunday,January 23rd,GB,CHI,4th Quarter,7,Green Bay Packers,0,4,0,1 Yard Run,3rd & 12 at GB 23,03:50 4th Shotgun,— A.Rodgers scrambles right end to GB 24 for 1 yard (L.Briggs).
2010,CONFERENCE CHAMPIONSHIPS,Sunday,January 23rd,GB,CHI,4th Quarter,7,Green Bay Packers,0,5,0,Punt,4th & 11 at GB 24,03:07 4th,"— T.Masthay punts 58 yards to CHI 18, Center-B.Goode. D.Hester to CHI 29 for 11 yards (B.Underwood)."
2010,CONFERENCE CHAMPIONSHIPS,Sunday,January 23rd,GB,CHI,4th Quarter,8,Chicago Bears,0,1,0,Pass Incomplete,1st & 10 at CHI 29,02:53 4th Shotgun,— C.Hanie pass incomplete short middle to M.Forte.
2010,CONFERENCE CHAMPIONSHIPS,Sunday,January 23rd,GB,CHI,4th Quarter,8,Chicago Bears,0,2,0,1 Yard Pass,2nd & 10 at CHI 29,02:49 4th Shotgun,— C.Hanie pass short left to M.Forte pushed ob at CHI 30 for 1 yard (N.Collins).
2010,CONFERENCE CHAMPIONSHIPS,Sunday,January 23rd,GB,CHI,4th Quarter,8,Chicago Bears,0,3,0,10 Yard Pass,3rd & 9 at CHI 30,02:44 4th Shotgun,— C.Hanie pass short left to G.Olsen pushed ob at CHI 40 for 10 yards (A.Hawk).
2010,CONFERENCE CHAMPIONSHIPS,Sunday,January 23rd,GB,CHI,4th Quarter,8,Chicago Bears,0,4,0,Pass Incomplete,1st & 10 at CHI 40,02:38 4th,"— C.Hanie pass incomplete short right to D.Hester. PENALTY on CHI-C.Hanie, Intentional Grounding, 10 yards, enforced at CHI 40."
2010,CONFERENCE CHAMPIONSHIPS,Sunday,January 23rd,GB,CHI,4th Quarter,8,Chicago Bears,0,5,0,11 Yard Pass,2nd & 20 at CHI 30,02:33 4th Shotgun,— C.Hanie pass short middle to M.Forte to CHI 41 for 11 yards (S.Shields).
2010,CONFERENCE CHAMPIONSHIPS,Sunday,January 23rd,GB,CHI,4th Quarter,8,Chicago Bears,0,6,0,8 Yard Pass,3rd & 9 at CHI 41,"02:01 4th No Huddle, Shotgun",— C.Hanie pass short middle to M.Forte to CHI 49 for 8 yards (R.Francois).
2010,CONFERENCE CHAMPIONSHIPS,Sunday,January 23rd,GB,CHI,4th Quarter,8,Chicago Bears,0,7,0,4 Yard Run,4th & 1 at CHI 49,01:54 4th,— C.Taylor right tackle to GB 47 for 4 yards (D.Bishop).
2010,CONFERENCE CHAMPIONSHIPS,Sunday,January 23rd,GB,CHI,4th Quarter,8,Chicago Bears,0,8,0,13 Yard Pass,1st & 10 at GB 47,"01:34 4th No Huddle, Shotgun",— C.Hanie pass short right to M.Forte pushed ob at GB 34 for 13 yards (C.Matthews).
2010,CONFERENCE CHAMPIONSHIPS,Sunday,January 23rd,GB,CHI,4th Quarter,8,Chicago Bears,0,9,0,Pass Incomplete,1st & 10 at GB 34,01:27 4th Shotgun,— C.Hanie pass incomplete short left.
2010,CONFERENCE CHAMPIONSHIPS,Sunday,January 23rd,GB,CHI,4th Quarter,8,Chicago Bears,0,10,0,7 Yard Pass,2nd & 10 at GB 34,01:21 4th Shotgun,— C.Hanie pass short left to G.Olsen pushed ob at GB 27 for 7 yards (S.Shields).
2010,CONFERENCE CHAMPIONSHIPS,Sunday,January 23rd,GB,CHI,4th Quarter,8,Chicago Bears,0,11,0,Timeout,,01:15 4th,— Timeout #2 by CHI at 01:15.
2010,CONFERENCE CHAMPIONSHIPS,Sunday,January 23rd,GB,CHI,4th Quarter,8,Chicago Bears,0,12,0,-2 Yard Run,3rd & 3 at GB 27,01:15 4th,— E.Bennett left end to GB 29 for -2 yards (D.Bishop).
2010,CONFERENCE CHAMPIONSHIPS,Sunday,January 23rd,GB,CHI,4th Quarter,8,Chicago Bears,0,13,0,Interception,4th & 5 at GB 29,"00:47 4th No Huddle, Shotgun",— C.Hanie pass deep left intended for J.Knox INTERCEPTED by S.Shields at GB 12. S.Shields to GB 44 for 32 yards (J.Webb).
2010,CONFERENCE CHAMPIONSHIPS,Sunday,January 23rd,GB,CHI,4th Quarter,9,Green Bay Packers,0,1,0,-1 Yard Run,1st & 10 at GB 44,00:37 4th,— A.Rodgers kneels to GB 43 for -1 yards.
